timestamp,open,high,low,close,volume,year,month,day
2021-09-11 00:00:00+00:00,179.6,182.0,179.17,180.04,52014.96,2021,9,11
2021-09-11 00:05:00+00:00,180.04,181.23,179.25,179.26,22023.29,2021,9,11
2021-09-11 00:10:00+00:00,179.28,183.0,179.28,182.73,39907.81,2021,9,11
2021-09-11 00:15:00+00:00,182.72,182.97,181.05,181.42,38875.25,2021,9,11
2021-09-11 00:20:00+00:00,181.27,182.07,180.24,180.93,24167.7,2021,9,11
2021-09-11 00:25:00+00:00,180.94,181.55,180.02,181.33,19696.2,2021,9,11
2021-09-11 00:30:00+00:00,181.33,182.66,180.67,180.89,19510.83,2021,9,11
2021-09-11 00:35:00+00:00,180.88,181.78,180.38,180.92,18560.52,2021,9,11
2021-09-11 00:40:00+00:00,180.9,181.68,180.05,181.3,22513.05,2021,9,11
2021-09-11 00:45:00+00:00,181.3,182.6,180.63,181.73,24325.83,2021,9,11
2021-09-11 00:50:00+00:00,181.72,183.08,181.63,182.83,18343.89,2021,9,11
2021-09-11 00:55:00+00:00,182.79,183.2,181.92,182.18,23580.57,2021,9,11
2021-09-11 01:00:00+00:00,182.12,184.0,181.31,183.99,29193.06,2021,9,11
2021-09-11 01:05:00+00:00,183.99,185.0,183.4,184.6,53765.03,2021,9,11
2021-09-11 01:10:00+00:00,184.58,185.0,184.0,184.01,26626.22,2021,9,11
2021-09-11 01:15:00+00:00,184.01,185.3,183.95,185.25,32369.66,2021,9,11
2021-09-11 01:20:00+00:00,185.3,187.63,185.29,187.48,69718.67,2021,9,11
2021-09-11 01:25:00+00:00,187.48,189.28,187.39,188.32,61099.27,2021,9,11
2021-09-11 01:30:00+00:00,188.33,188.46,186.37,186.74,52074.83,2021,9,11
2021-09-11 01:35:00+00:00,186.7,188.36,186.37,188.2,23356.57,2021,9,11
2021-09-11 01:40:00+00:00,188.23,189.95,187.19,189.16,40222.45,2021,9,11
2021-09-11 01:45:00+00:00,189.19,190.17,188.0,188.7,48977.47,2021,9,11
2021-09-11 01:50:00+00:00,188.71,191.23,188.66,190.56,56456.08,2021,9,11
2021-09-11 01:55:00+00:00,190.61,190.92,188.4,188.76,38134.44,2021,9,11
2021-09-11 02:00:00+00:00,188.8,193.0,188.76,192.85,58088.32,2021,9,11
2021-09-11 02:05:00+00:00,192.85,193.51,191.5,191.88,56450.88,2021,9,11
2021-09-11 02:10:00+00:00,191.88,192.27,189.47,189.62,36608.18,2021,9,11
2021-09-11 02:15:00+00:00,189.6,190.5,188.28,188.32,35023.39,2021,9,11
2021-09-11 02:20:00+00:00,188.32,188.48,186.85,186.98,53244.17,2021,9,11
2021-09-11 02:25:00+00:00,187.0,187.39,185.9,186.64,47192.17,2021,9,11
2021-09-11 02:30:00+00:00,186.63,187.93,184.82,185.62,43030.21,2021,9,11
2021-09-11 02:35:00+00:00,185.62,187.6,185.43,186.14,23734.37,2021,9,11
2021-09-11 02:40:00+00:00,186.15,188.35,186.15,187.28,26149.95,2021,9,11
2021-09-11 02:45:00+00:00,187.24,187.69,184.85,185.46,23811.27,2021,9,11
2021-09-11 02:50:00+00:00,185.46,186.04,183.96,184.72,54192.36,2021,9,11
2021-09-11 02:55:00+00:00,184.72,185.9,184.51,185.57,15548.1,2021,9,11
2021-09-11 03:00:00+00:00,185.51,186.57,184.82,185.16,26486.61,2021,9,11
2021-09-11 03:05:00+00:00,185.17,185.72,183.98,184.27,20953.4,2021,9,11
2021-09-11 03:10:00+00:00,184.26,185.16,182.8,182.98,33238.45,2021,9,11
2021-09-11 03:15:00+00:00,182.93,184.21,182.54,183.17,29377.61,2021,9,11
2021-09-11 03:20:00+00:00,183.18,183.56,181.77,182.96,48217.94,2021,9,11
2021-09-11 03:25:00+00:00,182.96,182.97,180.63,181.28,34996.2,2021,9,11
2021-09-11 03:30:00+00:00,181.28,182.0,179.85,181.48,34633.8,2021,9,11
2021-09-11 03:35:00+00:00,181.48,181.92,179.21,180.12,28407.09,2021,9,11
2021-09-11 03:40:00+00:00,180.12,180.53,177.39,178.69,51589.96,2021,9,11
2021-09-11 03:45:00+00:00,178.78,179.42,178.16,179.32,20824.72,2021,9,11
2021-09-11 03:50:00+00:00,179.34,180.99,179.26,180.85,19533.26,2021,9,11
2021-09-11 03:55:00+00:00,180.83,181.57,179.41,181.48,19597.86,2021,9,11
2021-09-11 04:00:00+00:00,181.47,183.88,181.01,182.45,40367.85,2021,9,11
2021-09-11 04:05:00+00:00,182.44,182.92,181.4,182.2,21393.74,2021,9,11
2021-09-11 04:10:00+00:00,182.19,182.89,181.44,182.44,21969.99,2021,9,11
2021-09-11 04:15:00+00:00,182.45,183.22,181.26,181.45,18634.9,2021,9,11
2021-09-11 04:20:00+00:00,181.46,182.0,179.54,180.82,22271.99,2021,9,11
2021-09-11 04:25:00+00:00,180.82,182.42,180.6,182.32,13142.79,2021,9,11
2021-09-11 04:30:00+00:00,182.4,183.46,181.95,182.23,16998.19,2021,9,11
2021-09-11 04:35:00+00:00,182.18,183.2,181.5,182.11,20833.31,2021,9,11
2021-09-11 04:40:00+00:00,182.11,183.35,181.38,182.25,18566.48,2021,9,11
2021-09-11 04:45:00+00:00,182.28,183.2,181.46,182.71,16601.6,2021,9,11
2021-09-11 04:50:00+00:00,182.7,183.08,181.66,183.0,12950.52,2021,9,11
2021-09-11 04:55:00+00:00,182.95,182.95,181.69,182.68,11495.51,2021,9,11
2021-09-11 05:00:00+00:00,182.67,183.3,181.95,183.2,11837.41,2021,9,11
2021-09-11 05:05:00+00:00,183.22,183.65,181.71,182.36,18561.86,2021,9,11
2021-09-11 05:10:00+00:00,182.31,183.1,181.67,182.33,13768.85,2021,9,11
2021-09-11 05:15:00+00:00,182.33,182.42,180.24,180.61,15057.03,2021,9,11
2021-09-11 05:20:00+00:00,180.67,180.97,178.05,178.12,41353.58,2021,9,11
2021-09-11 05:25:00+00:00,178.12,178.59,176.52,178.08,42807.93,2021,9,11
2021-09-11 05:30:00+00:00,178.12,178.8,176.95,178.22,19109.18,2021,9,11
2021-09-11 05:35:00+00:00,178.21,179.37,177.76,178.98,15118.39,2021,9,11
2021-09-11 05:40:00+00:00,178.98,179.5,176.9,177.61,27718.63,2021,9,11
2021-09-11 05:45:00+00:00,177.64,179.54,176.66,179.4,21666.81,2021,9,11
2021-09-11 05:50:00+00:00,179.43,179.98,178.74,179.81,19103.42,2021,9,11
2021-09-11 05:55:00+00:00,179.81,180.57,178.87,180.32,15318.48,2021,9,11
2021-09-11 06:00:00+00:00,180.32,181.47,179.66,180.12,21768.03,2021,9,11
2021-09-11 06:05:00+00:00,180.15,181.01,180.12,180.33,10823.23,2021,9,11
2021-09-11 06:10:00+00:00,180.32,181.76,180.15,181.22,10935.37,2021,9,11
2021-09-11 06:15:00+00:00,181.22,181.48,180.4,181.12,11569.66,2021,9,11
2021-09-11 06:20:00+00:00,181.1,181.55,180.55,180.73,12972.52,2021,9,11
2021-09-11 06:25:00+00:00,180.78,181.2,179.96,180.65,13547.34,2021,9,11
2021-09-11 06:30:00+00:00,180.65,180.81,178.29,178.7,22917.3,2021,9,11
2021-09-11 06:35:00+00:00,178.72,179.06,177.64,178.94,24152.84,2021,9,11
2021-09-11 06:40:00+00:00,178.94,180.42,178.94,180.11,16751.01,2021,9,11
2021-09-11 06:45:00+00:00,180.17,180.73,179.42,180.13,14620.11,2021,9,11
2021-09-11 06:50:00+00:00,180.13,180.88,179.41,180.46,14676.07,2021,9,11
2021-09-11 06:55:00+00:00,180.48,180.78,179.26,179.77,10483.84,2021,9,11
2021-09-11 07:00:00+00:00,179.86,180.37,178.48,180.28,19214.64,2021,9,11
2021-09-11 07:05:00+00:00,180.28,180.28,178.66,178.81,21402.18,2021,9,11
2021-09-11 07:10:00+00:00,178.82,179.02,177.19,178.04,30952.57,2021,9,11
2021-09-11 07:15:00+00:00,178.05,178.47,176.11,176.87,28816.21,2021,9,11
2021-09-11 07:20:00+00:00,176.88,176.99,175.41,175.98,30413.55,2021,9,11
2021-09-11 07:25:00+00:00,175.99,177.18,175.79,176.31,19660.8,2021,9,11
2021-09-11 07:30:00+00:00,176.31,177.65,175.14,177.5,24175.74,2021,9,11
2021-09-11 07:35:00+00:00,177.55,177.6,176.44,177.23,10386.36,2021,9,11
2021-09-11 07:40:00+00:00,177.25,177.43,175.68,176.08,16648.63,2021,9,11
2021-09-11 07:45:00+00:00,176.08,177.24,175.39,177.19,12322.69,2021,9,11
2021-09-11 07:50:00+00:00,177.19,178.59,176.86,178.47,24571.76,2021,9,11
2021-09-11 07:55:00+00:00,178.47,179.41,178.0,178.69,16084.48,2021,9,11
2021-09-11 08:00:00+00:00,178.71,178.75,177.02,177.18,18084.64,2021,9,11
2021-09-11 08:05:00+00:00,177.19,178.18,176.7,178.13,23750.59,2021,9,11
2021-09-11 08:10:00+00:00,178.13,178.29,177.46,177.95,12052.29,2021,9,11
2021-09-11 08:15:00+00:00,177.95,178.69,177.07,177.21,12767.94,2021,9,11
2021-09-11 08:20:00+00:00,177.27,177.63,176.65,177.41,10005.52,2021,9,11
2021-09-11 08:25:00+00:00,177.45,177.77,176.12,176.59,10424.75,2021,9,11
2021-09-11 08:30:00+00:00,176.6,177.45,175.89,177.25,13384.85,2021,9,11
2021-09-11 08:35:00+00:00,177.25,177.93,176.58,177.55,14198.56,2021,9,11
2021-09-11 08:40:00+00:00,177.56,178.7,177.1,178.7,12222.58,2021,9,11
2021-09-11 08:45:00+00:00,178.68,180.0,178.56,179.81,40530.45,2021,9,11
2021-09-11 08:50:00+00:00,179.77,179.98,179.09,179.24,14693.08,2021,9,11
2021-09-11 08:55:00+00:00,179.24,180.0,178.67,179.11,24222.73,2021,9,11
2021-09-11 09:00:00+00:00,179.04,179.44,178.08,178.7,15786.27,2021,9,11
2021-09-11 09:05:00+00:00,178.64,178.73,177.2,177.21,14809.57,2021,9,11
2021-09-11 09:10:00+00:00,177.21,178.11,176.85,177.15,33948.24,2021,9,11
2021-09-11 09:15:00+00:00,177.16,178.44,176.85,178.22,13531.9,2021,9,11
2021-09-11 09:20:00+00:00,178.21,178.84,177.84,178.46,10966.32,2021,9,11
2021-09-11 09:25:00+00:00,178.46,179.62,178.36,179.34,12292.46,2021,9,11
2021-09-11 09:30:00+00:00,179.4,180.48,179.24,179.24,30867.4,2021,9,11
2021-09-11 09:35:00+00:00,179.25,179.95,178.83,179.73,9257.63,2021,9,11
2021-09-11 09:40:00+00:00,179.76,180.0,178.33,178.33,12744.95,2021,9,11
2021-09-11 09:45:00+00:00,178.36,179.88,178.21,179.5,19271.81,2021,9,11
2021-09-11 09:50:00+00:00,179.51,181.47,179.5,181.42,25896.74,2021,9,11
2021-09-11 09:55:00+00:00,181.41,185.0,181.21,184.21,91194.54,2021,9,11
2021-09-11 10:00:00+00:00,184.24,185.41,183.43,183.81,53866.51,2021,9,11
2021-09-11 10:05:00+00:00,183.85,184.4,183.29,184.03,26608.64,2021,9,11
2021-09-11 10:10:00+00:00,184.01,186.53,183.78,185.94,55348.75,2021,9,11
2021-09-11 10:15:00+00:00,186.0,186.24,184.5,185.53,37994.53,2021,9,11
2021-09-11 10:20:00+00:00,185.48,186.57,185.0,186.47,31676.16,2021,9,11
2021-09-11 10:25:00+00:00,186.54,187.03,185.62,187.0,45509.16,2021,9,11
2021-09-11 10:30:00+00:00,187.02,187.36,185.11,185.27,45396.84,2021,9,11
2021-09-11 10:35:00+00:00,185.2,185.91,184.55,185.75,31487.8,2021,9,11
2021-09-11 10:40:00+00:00,185.75,185.88,184.88,185.68,19835.02,2021,9,11
2021-09-11 10:45:00+00:00,185.68,185.74,183.33,183.92,32360.23,2021,9,11
2021-09-11 10:50:00+00:00,183.93,184.54,183.32,184.14,20418.22,2021,9,11
2021-09-11 10:55:00+00:00,184.13,184.97,184.01,184.09,20860.08,2021,9,11
2021-09-11 11:00:00+00:00,184.12,185.24,183.88,184.07,28330.49,2021,9,11
2021-09-11 11:05:00+00:00,184.06,184.19,182.81,183.6,28587.71,2021,9,11
2021-09-11 11:10:00+00:00,183.6,184.75,182.8,182.83,35750.13,2021,9,11
2021-09-11 11:15:00+00:00,182.81,183.32,182.12,182.52,27961.53,2021,9,11
2021-09-11 11:20:00+00:00,182.52,182.73,181.86,181.96,33045.53,2021,9,11
2021-09-11 11:25:00+00:00,181.92,182.5,181.54,181.96,30873.49,2021,9,11
2021-09-11 11:30:00+00:00,181.97,183.46,181.8,182.42,25045.55,2021,9,11
2021-09-11 11:35:00+00:00,182.4,183.0,181.7,181.74,16433.24,2021,9,11
2021-09-11 11:40:00+00:00,181.74,182.4,181.49,182.2,10437.97,2021,9,11
2021-09-11 11:45:00+00:00,182.14,183.35,182.11,182.61,12112.24,2021,9,11
2021-09-11 11:50:00+00:00,182.65,183.49,181.53,181.6,16065.18,2021,9,11
2021-09-11 11:55:00+00:00,181.62,182.16,180.91,181.26,19879.9,2021,9,11
2021-09-11 12:00:00+00:00,181.29,182.34,181.23,181.98,18203.86,2021,9,11
2021-09-11 12:05:00+00:00,181.95,182.31,181.23,182.17,25586.74,2021,9,11
2021-09-11 12:10:00+00:00,182.17,182.19,180.52,181.17,17694.05,2021,9,11
2021-09-11 12:15:00+00:00,181.15,181.5,180.23,180.54,17851.32,2021,9,11
2021-09-11 12:20:00+00:00,180.49,183.13,180.32,182.91,28610.82,2021,9,11
2021-09-11 12:25:00+00:00,182.9,183.5,182.5,183.4,23273.68,2021,9,11
2021-09-11 12:30:00+00:00,183.41,183.88,182.61,183.78,30692.43,2021,9,11
2021-09-11 12:35:00+00:00,183.82,184.0,183.25,183.53,31607.56,2021,9,11
2021-09-11 12:40:00+00:00,183.52,184.98,183.28,184.34,30006.59,2021,9,11
2021-09-11 12:45:00+00:00,184.31,184.8,183.62,184.15,19469.54,2021,9,11
2021-09-11 12:50:00+00:00,184.14,184.14,182.59,182.92,19804.63,2021,9,11
2021-09-11 12:55:00+00:00,182.93,183.52,182.62,182.99,13871.76,2021,9,11
2021-09-11 13:00:00+00:00,183.0,184.19,182.91,183.78,14324.16,2021,9,11
2021-09-11 13:05:00+00:00,183.79,185.2,183.71,184.7,22203.13,2021,9,11
2021-09-11 13:10:00+00:00,184.71,185.83,184.25,184.95,26752.35,2021,9,11
2021-09-11 13:15:00+00:00,184.93,185.84,184.6,185.0,21923.18,2021,9,11
2021-09-11 13:20:00+00:00,185.0,185.92,184.47,185.7,19505.65,2021,9,11
2021-09-11 13:25:00+00:00,185.7,185.93,185.0,185.37,16539.88,2021,9,11
2021-09-11 13:30:00+00:00,185.35,185.93,184.32,184.61,26453.27,2021,9,11
2021-09-11 13:35:00+00:00,184.62,185.7,184.51,184.7,13151.13,2021,9,11
2021-09-11 13:40:00+00:00,184.72,186.53,184.66,186.48,19349.72,2021,9,11
2021-09-11 13:45:00+00:00,186.42,187.0,185.59,186.73,31333.33,2021,9,11
2021-09-11 13:50:00+00:00,186.72,188.61,186.61,187.92,56321.22,2021,9,11
2021-09-11 13:55:00+00:00,187.96,189.18,187.85,188.58,72862.29,2021,9,11
2021-09-11 14:00:00+00:00,188.58,191.53,188.5,190.0,109615.13,2021,9,11
2021-09-11 14:05:00+00:00,189.94,190.32,187.63,187.79,63727.08,2021,9,11
2021-09-11 14:10:00+00:00,187.8,187.81,186.28,187.36,40766.42,2021,9,11
2021-09-11 14:15:00+00:00,187.34,187.54,185.52,185.95,32944.2,2021,9,11
2021-09-11 14:20:00+00:00,185.95,188.58,185.92,187.76,33537.18,2021,9,11
2021-09-11 14:25:00+00:00,187.75,189.41,187.67,188.43,36108.95,2021,9,11
2021-09-11 14:30:00+00:00,188.47,190.0,187.5,189.51,34530.49,2021,9,11
2021-09-11 14:35:00+00:00,189.5,190.5,188.52,189.2,33413.39,2021,9,11
2021-09-11 14:40:00+00:00,189.19,189.99,188.51,188.87,20796.04,2021,9,11
2021-09-11 14:45:00+00:00,188.88,189.0,187.63,188.15,25045.97,2021,9,11
2021-09-11 14:50:00+00:00,188.11,188.33,187.45,187.61,15909.88,2021,9,11
2021-09-11 14:55:00+00:00,187.62,188.77,187.58,187.84,13580.3,2021,9,11
2021-09-11 15:00:00+00:00,187.84,188.61,186.7,186.82,19293.27,2021,9,11
2021-09-11 15:05:00+00:00,186.8,187.47,186.23,187.08,18018.03,2021,9,11
2021-09-11 15:10:00+00:00,187.11,187.25,186.2,187.03,18076.74,2021,9,11
2021-09-11 15:15:00+00:00,187.04,187.95,186.62,187.51,23718.77,2021,9,11
2021-09-11 15:20:00+00:00,187.52,188.5,187.42,187.74,14959.69,2021,9,11
2021-09-11 15:25:00+00:00,187.73,188.36,187.1,187.78,15117.8,2021,9,11
2021-09-11 15:30:00+00:00,187.77,189.43,187.65,188.85,22605.5,2021,9,11
2021-09-11 15:35:00+00:00,188.84,189.89,188.34,188.81,34533.82,2021,9,11
2021-09-11 15:40:00+00:00,188.77,189.33,188.3,188.93,14346.87,2021,9,11
2021-09-11 15:45:00+00:00,188.95,191.0,188.85,190.48,64368.73,2021,9,11
2021-09-11 15:50:00+00:00,190.51,190.99,188.8,188.88,34439.74,2021,9,11
2021-09-11 15:55:00+00:00,188.89,190.07,187.89,188.48,26256.34,2021,9,11
2021-09-11 16:00:00+00:00,188.42,190.0,186.25,186.54,35835.18,2021,9,11
2021-09-11 16:05:00+00:00,186.57,188.75,186.0,186.9,32974.3,2021,9,11
2021-09-11 16:10:00+00:00,186.91,187.34,185.43,186.26,33544.46,2021,9,11
2021-09-11 16:15:00+00:00,186.28,187.62,186.07,187.47,23777.59,2021,9,11
2021-09-11 16:20:00+00:00,187.42,187.54,186.49,187.04,13116.78,2021,9,11
2021-09-11 16:25:00+00:00,187.05,188.0,186.9,187.22,15947.62,2021,9,11
2021-09-11 16:30:00+00:00,187.22,188.57,186.88,188.27,15590.44,2021,9,11
2021-09-11 16:35:00+00:00,188.28,189.22,187.71,189.07,20362.63,2021,9,11
2021-09-11 16:40:00+00:00,189.09,189.42,188.35,189.35,16719.25,2021,9,11
2021-09-11 16:45:00+00:00,189.36,189.42,188.0,188.84,16439.84,2021,9,11
2021-09-11 16:50:00+00:00,188.83,189.0,187.25,187.35,14442.41,2021,9,11
2021-09-11 16:55:00+00:00,187.35,187.8,186.2,186.5,38978.03,2021,9,11
2021-09-11 17:00:00+00:00,186.51,187.36,185.94,186.12,25170.22,2021,9,11
2021-09-11 17:05:00+00:00,186.14,187.67,186.04,187.06,17112.09,2021,9,11
2021-09-11 17:10:00+00:00,187.06,187.9,186.74,187.77,11953.31,2021,9,11
2021-09-11 17:15:00+00:00,187.77,187.77,186.62,186.83,13368.07,2021,9,11
2021-09-11 17:20:00+00:00,186.84,187.63,186.57,187.59,11823.93,2021,9,11
2021-09-11 17:25:00+00:00,187.62,188.63,187.25,187.7,15990.85,2021,9,11
2021-09-11 17:30:00+00:00,187.7,187.79,186.52,186.84,7774.79,2021,9,11
2021-09-11 17:35:00+00:00,186.84,187.59,186.5,187.5,9904.81,2021,9,11
2021-09-11 17:40:00+00:00,187.48,187.7,186.71,186.99,9579.17,2021,9,11
2021-09-11 17:45:00+00:00,186.99,187.0,186.34,186.79,10007.47,2021,9,11
2021-09-11 17:50:00+00:00,186.78,187.63,186.14,187.48,9741.5,2021,9,11
2021-09-11 17:55:00+00:00,187.46,188.07,186.83,187.96,9830.1,2021,9,11
2021-09-11 18:00:00+00:00,187.95,187.97,186.26,186.93,9938.18,2021,9,11
2021-09-11 18:05:00+00:00,186.93,187.0,186.01,186.3,9560.98,2021,9,11
2021-09-11 18:10:00+00:00,186.3,186.54,185.0,185.45,22237.04,2021,9,11
2021-09-11 18:15:00+00:00,185.4,185.87,184.51,185.37,19979.6,2021,9,11
2021-09-11 18:20:00+00:00,185.46,185.57,184.3,185.35,19257.79,2021,9,11
2021-09-11 18:25:00+00:00,185.36,185.45,184.74,185.16,8604.98,2021,9,11
2021-09-11 18:30:00+00:00,185.19,186.03,184.96,185.89,8130.79,2021,9,11
2021-09-11 18:35:00+00:00,185.87,186.03,185.31,185.54,7107.33,2021,9,11
2021-09-11 18:40:00+00:00,185.58,185.6,184.64,185.02,11781.56,2021,9,11
2021-09-11 18:45:00+00:00,185.01,185.6,184.7,184.88,10203.06,2021,9,11
2021-09-11 18:50:00+00:00,184.88,185.7,184.55,185.31,8438.18,2021,9,11
2021-09-11 18:55:00+00:00,185.32,185.75,184.88,185.39,10358.68,2021,9,11
2021-09-11 19:00:00+00:00,185.39,186.0,185.29,185.97,10011.83,2021,9,11
2021-09-11 19:05:00+00:00,185.96,186.88,185.86,186.12,12851.64,2021,9,11
2021-09-11 19:10:00+00:00,186.12,186.2,185.19,185.84,11903.89,2021,9,11
2021-09-11 19:15:00+00:00,185.8,185.8,184.71,185.08,9729.96,2021,9,11
2021-09-11 19:20:00+00:00,185.07,185.1,182.96,183.65,22628.99,2021,9,11
2021-09-11 19:25:00+00:00,183.62,183.7,182.7,182.93,18650.03,2021,9,11
2021-09-11 19:30:00+00:00,182.94,183.06,181.21,181.92,36004.07,2021,9,11
2021-09-11 19:35:00+00:00,181.94,183.27,181.84,182.99,14726.84,2021,9,11
2021-09-11 19:40:00+00:00,183.0,183.57,182.62,183.31,10867.71,2021,9,11
2021-09-11 19:45:00+00:00,183.27,184.07,182.85,183.07,14544.88,2021,9,11
2021-09-11 19:50:00+00:00,183.07,183.42,182.42,183.04,10662.44,2021,9,11
2021-09-11 19:55:00+00:00,183.06,183.27,181.9,181.99,13030.06,2021,9,11
2021-09-11 20:00:00+00:00,181.99,182.03,179.84,180.03,49084.14,2021,9,11
2021-09-11 20:05:00+00:00,180.03,180.05,178.26,179.29,48235.81,2021,9,11
2021-09-11 20:10:00+00:00,179.29,179.49,178.31,179.0,21466.27,2021,9,11
2021-09-11 20:15:00+00:00,178.99,180.09,178.89,179.94,22982.88,2021,9,11
2021-09-11 20:20:00+00:00,179.93,180.06,179.5,179.75,10072.14,2021,9,11
2021-09-11 20:25:00+00:00,179.74,180.55,179.63,179.74,13217.72,2021,9,11
2021-09-11 20:30:00+00:00,179.75,180.57,179.56,179.68,13593.84,2021,9,11
2021-09-11 20:35:00+00:00,179.67,180.77,179.6,180.73,11984.92,2021,9,11
2021-09-11 20:40:00+00:00,180.72,180.84,180.01,180.02,12680.85,2021,9,11
2021-09-11 20:45:00+00:00,180.02,180.89,179.89,180.8,12123.48,2021,9,11
2021-09-11 20:50:00+00:00,180.86,180.89,180.43,180.51,8030.16,2021,9,11
2021-09-11 20:55:00+00:00,180.49,180.73,180.3,180.63,9763.12,2021,9,11
2021-09-11 21:00:00+00:00,180.67,181.77,180.0,181.75,11388.1,2021,9,11
2021-09-11 21:05:00+00:00,181.74,181.99,180.76,181.16,11562.89,2021,9,11
2021-09-11 21:10:00+00:00,181.16,181.47,180.88,181.41,4768.01,2021,9,11
2021-09-11 21:15:00+00:00,181.43,181.57,181.25,181.3,4639.63,2021,9,11
2021-09-11 21:20:00+00:00,181.35,183.31,181.26,183.03,13756.22,2021,9,11
2021-09-11 21:25:00+00:00,183.03,183.17,182.83,183.01,15140.26,2021,9,11
2021-09-11 21:30:00+00:00,183.0,183.06,182.86,182.95,4067.89,2021,9,11
2021-09-11 21:35:00+00:00,182.97,183.17,182.85,183.15,5053.16,2021,9,11
2021-09-11 21:40:00+00:00,183.15,184.32,182.17,182.83,16283.55,2021,9,11
2021-09-11 21:45:00+00:00,182.82,182.87,180.42,182.35,20316.06,2021,9,11
2021-09-11 21:50:00+00:00,182.35,183.3,181.6,182.4,9430.47,2021,9,11
2021-09-11 21:55:00+00:00,182.4,183.04,181.99,182.0,8495.77,2021,9,11
2021-09-11 22:00:00+00:00,182.0,182.01,180.55,180.84,21428.11,2021,9,11
2021-09-11 22:05:00+00:00,180.83,180.93,179.52,180.1,27682.82,2021,9,11
2021-09-11 22:10:00+00:00,180.12,180.58,178.8,179.06,19723.48,2021,9,11
2021-09-11 22:15:00+00:00,179.04,180.0,178.89,179.95,18109.76,2021,9,11
2021-09-11 22:20:00+00:00,179.92,180.39,179.59,179.84,22000.56,2021,9,11
2021-09-11 22:25:00+00:00,179.89,179.93,179.02,179.16,10285.89,2021,9,11
2021-09-11 22:30:00+00:00,179.25,180.0,178.25,180.0,19789.46,2021,9,11
2021-09-11 22:35:00+00:00,180.0,180.34,179.06,179.43,10673.33,2021,9,11
2021-09-11 22:40:00+00:00,179.39,180.77,179.13,180.75,21241.85,2021,9,11
2021-09-11 22:45:00+00:00,180.75,180.75,179.36,179.6,11229.36,2021,9,11
2021-09-11 22:50:00+00:00,179.62,179.88,177.29,177.81,35022.65,2021,9,11
2021-09-11 22:55:00+00:00,177.81,178.32,177.1,177.99,17871.28,2021,9,11
2021-09-11 23:00:00+00:00,177.95,178.38,177.27,178.08,18404.68,2021,9,11
2021-09-11 23:05:00+00:00,178.05,178.16,176.24,176.52,26196.18,2021,9,11
2021-09-11 23:10:00+00:00,176.53,177.57,176.38,176.83,19993.98,2021,9,11
2021-09-11 23:15:00+00:00,176.83,177.7,175.74,177.54,32836.53,2021,9,11
2021-09-11 23:20:00+00:00,177.63,178.49,177.28,177.81,21306.46,2021,9,11
2021-09-11 23:25:00+00:00,177.81,178.4,177.38,178.22,21393.56,2021,9,11
2021-09-11 23:30:00+00:00,178.23,178.3,177.02,177.16,13171.91,2021,9,11
2021-09-11 23:35:00+00:00,177.17,178.15,176.61,177.95,17850.15,2021,9,11
2021-09-11 23:40:00+00:00,177.98,178.1,176.42,177.23,16705.83,2021,9,11
2021-09-11 23:45:00+00:00,177.21,178.24,176.81,177.42,11245.7,2021,9,11
2021-09-11 23:50:00+00:00,177.38,178.05,176.89,177.76,9261.78,2021,9,11
2021-09-11 23:55:00+00:00,177.67,179.16,177.15,179.04,13052.63,2021,9,11
2021-09-12 00:00:00+00:00,179.05,179.14,177.16,177.7,21832.06,2021,9,12
2021-09-12 00:05:00+00:00,177.7,179.94,177.2,179.69,21662.06,2021,9,12
2021-09-12 00:10:00+00:00,179.7,180.79,178.52,178.88,23950.69,2021,9,12
2021-09-12 00:15:00+00:00,178.85,178.91,177.89,178.88,12440.82,2021,9,12
2021-09-12 00:20:00+00:00,178.83,178.83,177.9,177.9,7035.37,2021,9,12
2021-09-12 00:25:00+00:00,177.89,177.9,176.96,176.97,16585.84,2021,9,12
2021-09-12 00:30:00+00:00,176.96,177.03,175.1,175.1,36242.62,2021,9,12
2021-09-12 00:35:00+00:00,175.18,175.59,173.62,174.98,57436.0,2021,9,12
2021-09-12 00:40:00+00:00,174.97,175.17,173.39,174.0,41822.96,2021,9,12
2021-09-12 00:45:00+00:00,174.0,174.59,172.89,174.01,24724.43,2021,9,12
2021-09-12 00:50:00+00:00,174.01,175.46,173.76,175.27,25258.65,2021,9,12
2021-09-12 00:55:00+00:00,175.27,176.8,174.74,175.78,18350.15,2021,9,12
2021-09-12 01:00:00+00:00,175.86,176.52,175.14,175.88,10589.42,2021,9,12
2021-09-12 01:05:00+00:00,175.87,176.12,174.84,175.47,11671.42,2021,9,12
2021-09-12 01:10:00+00:00,175.48,175.78,175.0,175.31,8955.18,2021,9,12
2021-09-12 01:15:00+00:00,175.37,175.6,173.84,173.98,16774.49,2021,9,12
2021-09-12 01:20:00+00:00,173.99,175.04,173.62,174.22,19694.71,2021,9,12
2021-09-12 01:25:00+00:00,174.22,175.62,174.0,175.11,10680.69,2021,9,12
2021-09-12 01:30:00+00:00,175.08,175.98,174.77,175.24,8509.1,2021,9,12
2021-09-12 01:35:00+00:00,175.21,175.89,173.77,174.8,15495.06,2021,9,12
2021-09-12 01:40:00+00:00,174.78,175.5,174.08,175.5,9977.94,2021,9,12
2021-09-12 01:45:00+00:00,175.5,176.3,174.86,175.94,10192.58,2021,9,12
2021-09-12 01:50:00+00:00,175.97,176.11,175.17,175.24,16443.61,2021,9,12
2021-09-12 01:55:00+00:00,175.24,176.2,174.78,176.12,26626.77,2021,9,12
2021-09-12 02:00:00+00:00,176.12,176.98,175.57,176.71,16724.44,2021,9,12
2021-09-12 02:05:00+00:00,176.71,177.24,176.38,177.02,16295.9,2021,9,12
2021-09-12 02:10:00+00:00,177.0,177.38,176.66,177.01,10325.91,2021,9,12
2021-09-12 02:15:00+00:00,177.03,178.0,176.74,177.76,17874.91,2021,9,12
2021-09-12 02:20:00+00:00,177.75,177.75,176.51,176.85,9858.43,2021,9,12
2021-09-12 02:25:00+00:00,176.82,177.23,176.4,177.22,10289.46,2021,9,12
2021-09-12 02:30:00+00:00,177.17,177.22,176.22,176.63,12088.36,2021,9,12
2021-09-12 02:35:00+00:00,176.63,177.17,176.3,177.14,9276.52,2021,9,12
2021-09-12 02:40:00+00:00,177.14,178.16,176.51,177.73,17386.95,2021,9,12
2021-09-12 02:45:00+00:00,177.8,177.98,177.12,177.43,8433.39,2021,9,12
2021-09-12 02:50:00+00:00,177.39,177.97,177.03,177.53,5788.31,2021,9,12
2021-09-12 02:55:00+00:00,177.55,177.93,177.03,177.86,10091.62,2021,9,12
2021-09-12 03:00:00+00:00,177.83,178.16,177.22,177.33,7283.11,2021,9,12
2021-09-12 03:05:00+00:00,177.32,178.11,176.64,177.87,9463.76,2021,9,12
2021-09-12 03:10:00+00:00,177.87,178.07,177.2,177.63,9327.63,2021,9,12
2021-09-12 03:15:00+00:00,177.68,178.85,177.23,178.5,11884.13,2021,9,12
2021-09-12 03:20:00+00:00,178.58,178.69,177.69,178.49,11058.78,2021,9,12
2021-09-12 03:25:00+00:00,178.48,179.69,178.1,178.84,24325.28,2021,9,12
2021-09-12 03:30:00+00:00,178.86,179.3,178.16,178.65,8810.87,2021,9,12
2021-09-12 03:35:00+00:00,178.65,178.68,178.0,178.1,11394.1,2021,9,12
2021-09-12 03:40:00+00:00,178.14,178.95,177.95,178.75,6489.72,2021,9,12
2021-09-12 03:45:00+00:00,178.75,180.0,178.68,179.42,22920.71,2021,9,12
2021-09-12 03:50:00+00:00,179.47,179.55,178.53,178.89,8948.41,2021,9,12
2021-09-12 03:55:00+00:00,178.89,179.25,178.59,179.04,6488.64,2021,9,12
2021-09-12 04:00:00+00:00,179.03,179.41,178.73,179.32,6869.66,2021,9,12
2021-09-12 04:05:00+00:00,179.19,179.81,179.19,179.28,6083.39,2021,9,12
2021-09-12 04:10:00+00:00,179.28,179.78,179.05,179.24,3926.51,2021,9,12
2021-09-12 04:15:00+00:00,179.25,179.49,178.66,178.67,4748.18,2021,9,12
2021-09-12 04:20:00+00:00,178.68,179.2,178.67,179.01,3080.72,2021,9,12
2021-09-12 04:25:00+00:00,179.02,180.15,178.96,179.95,10129.3,2021,9,12
2021-09-12 04:30:00+00:00,179.95,179.98,179.18,179.66,9787.02,2021,9,12
2021-09-12 04:35:00+00:00,179.69,179.94,179.49,179.57,8525.52,2021,9,12
2021-09-12 04:40:00+00:00,179.56,179.78,178.67,178.78,7696.63,2021,9,12
2021-09-12 04:45:00+00:00,178.8,179.15,178.1,178.38,11482.17,2021,9,12
2021-09-12 04:50:00+00:00,178.4,178.93,178.31,178.61,5442.88,2021,9,12
2021-09-12 04:55:00+00:00,178.64,179.35,178.53,179.05,4990.79,2021,9,12
2021-09-12 05:00:00+00:00,179.04,179.43,177.02,177.79,31268.63,2021,9,12
2021-09-12 05:05:00+00:00,177.8,178.0,177.49,177.98,7975.88,2021,9,12
2021-09-12 05:10:00+00:00,177.97,178.34,177.88,178.05,7398.62,2021,9,12
2021-09-12 05:15:00+00:00,178.08,178.08,176.55,176.67,30114.11,2021,9,12
2021-09-12 05:20:00+00:00,176.68,177.11,176.5,176.92,8553.53,2021,9,12
2021-09-12 05:25:00+00:00,176.92,177.55,176.86,177.37,6366.75,2021,9,12
2021-09-12 05:30:00+00:00,177.37,177.5,176.87,176.99,6773.85,2021,9,12
2021-09-12 05:35:00+00:00,177.0,177.03,176.56,176.97,9668.05,2021,9,12
2021-09-12 05:40:00+00:00,176.96,177.0,176.37,176.46,7375.54,2021,9,12
2021-09-12 05:45:00+00:00,176.5,176.72,176.0,176.34,11268.44,2021,9,12
2021-09-12 05:50:00+00:00,176.34,177.05,176.21,176.97,6987.43,2021,9,12
2021-09-12 05:55:00+00:00,176.93,177.05,176.59,176.81,5066.5,2021,9,12
2021-09-12 06:00:00+00:00,176.84,177.86,176.81,177.77,9330.87,2021,9,12
2021-09-12 06:05:00+00:00,177.79,178.11,177.26,177.3,7835.32,2021,9,12
2021-09-12 06:10:00+00:00,177.26,177.75,176.93,177.51,7951.35,2021,9,12
2021-09-12 06:15:00+00:00,177.52,177.52,176.37,176.83,8319.58,2021,9,12
2021-09-12 06:20:00+00:00,176.82,177.22,176.67,176.98,6043.74,2021,9,12
2021-09-12 06:25:00+00:00,176.95,177.99,176.92,177.64,4670.73,2021,9,12
2021-09-12 06:30:00+00:00,177.58,177.66,176.64,176.69,6393.66,2021,9,12
2021-09-12 06:35:00+00:00,176.71,177.68,176.65,177.06,5220.06,2021,9,12
2021-09-12 06:40:00+00:00,177.1,177.35,176.5,176.76,7843.73,2021,9,12
2021-09-12 06:45:00+00:00,176.76,176.8,175.47,175.54,12898.9,2021,9,12
2021-09-12 06:50:00+00:00,175.56,176.11,175.0,175.2,11632.79,2021,9,12
2021-09-12 06:55:00+00:00,175.19,175.42,174.75,175.17,16710.5,2021,9,12
2021-09-12 07:00:00+00:00,175.17,175.88,175.15,175.59,6796.63,2021,9,12
2021-09-12 07:05:00+00:00,175.58,175.62,174.94,175.48,17014.93,2021,9,12
2021-09-12 07:10:00+00:00,175.47,176.22,175.47,176.07,6398.63,2021,9,12
2021-09-12 07:15:00+00:00,176.04,176.75,175.96,176.39,8469.59,2021,9,12
2021-09-12 07:20:00+00:00,176.42,176.55,175.49,175.93,8718.73,2021,9,12
2021-09-12 07:25:00+00:00,175.93,176.46,175.36,176.41,9112.38,2021,9,12
2021-09-12 07:30:00+00:00,176.41,177.0,176.31,176.49,10263.98,2021,9,12
2021-09-12 07:35:00+00:00,176.53,177.68,176.33,177.67,9212.49,2021,9,12
2021-09-12 07:40:00+00:00,177.66,177.8,177.05,177.41,8598.89,2021,9,12
2021-09-12 07:45:00+00:00,177.4,178.89,177.34,178.85,16511.92,2021,9,12
2021-09-12 07:50:00+00:00,178.86,178.99,178.22,178.94,15912.16,2021,9,12
2021-09-12 07:55:00+00:00,178.92,179.04,178.0,178.0,9905.28,2021,9,12
2021-09-12 08:00:00+00:00,178.0,179.0,177.99,178.86,16210.79,2021,9,12
2021-09-12 08:05:00+00:00,178.9,179.01,177.85,178.34,11064.21,2021,9,12
2021-09-12 08:10:00+00:00,178.31,179.8,178.13,179.45,14436.47,2021,9,12
2021-09-12 08:15:00+00:00,179.44,180.68,179.35,180.32,37441.55,2021,9,12
2021-09-12 08:20:00+00:00,180.32,181.75,180.24,181.41,33778.66,2021,9,12
2021-09-12 08:25:00+00:00,181.41,181.56,180.24,180.88,26296.84,2021,9,12
2021-09-12 08:30:00+00:00,180.88,181.69,180.15,180.31,18433.32,2021,9,12
2021-09-12 08:35:00+00:00,180.3,181.0,180.14,180.71,22398.59,2021,9,12
2021-09-12 08:40:00+00:00,180.76,181.63,180.66,181.29,14600.63,2021,9,12
2021-09-12 08:45:00+00:00,181.31,181.44,180.65,180.8,10685.63,2021,9,12
2021-09-12 08:50:00+00:00,180.83,180.96,180.38,180.42,8481.72,2021,9,12
2021-09-12 08:55:00+00:00,180.41,181.19,180.41,180.79,11386.53,2021,9,12
2021-09-12 09:00:00+00:00,180.79,181.55,179.7,179.83,23071.9,2021,9,12
2021-09-12 09:05:00+00:00,179.8,180.1,179.38,179.82,14031.49,2021,9,12
2021-09-12 09:10:00+00:00,179.8,179.95,179.63,179.89,7479.84,2021,9,12
2021-09-12 09:15:00+00:00,179.9,180.82,179.9,180.47,9795.0,2021,9,12
2021-09-12 09:20:00+00:00,180.46,180.94,179.98,180.67,11001.54,2021,9,12
2021-09-12 09:25:00+00:00,180.66,181.02,180.28,180.51,10203.82,2021,9,12
2021-09-12 09:30:00+00:00,180.5,180.7,180.01,180.42,9405.65,2021,9,12
2021-09-12 09:35:00+00:00,180.42,180.76,180.07,180.68,9702.2,2021,9,12
2021-09-12 09:40:00+00:00,180.69,180.85,179.91,180.0,13436.36,2021,9,12
2021-09-12 09:45:00+00:00,180.02,180.21,179.08,179.28,11419.9,2021,9,12
2021-09-12 09:50:00+00:00,179.35,179.99,179.31,179.5,10342.16,2021,9,12
2021-09-12 09:55:00+00:00,179.5,179.92,179.25,179.33,9445.9,2021,9,12
2021-09-12 10:00:00+00:00,179.37,179.64,178.23,178.26,10360.36,2021,9,12
2021-09-12 10:05:00+00:00,178.31,178.8,178.24,178.7,12920.97,2021,9,12
2021-09-12 10:10:00+00:00,178.69,179.47,178.67,179.03,8206.59,2021,9,12
2021-09-12 10:15:00+00:00,179.01,179.69,178.8,179.27,7665.77,2021,9,12
2021-09-12 10:20:00+00:00,179.33,179.48,178.68,179.02,8285.92,2021,9,12
2021-09-12 10:25:00+00:00,179.03,179.08,178.26,178.91,12713.29,2021,9,12
2021-09-12 10:30:00+00:00,178.95,179.41,178.56,179.31,5749.23,2021,9,12
2021-09-12 10:35:00+00:00,179.3,179.3,178.83,178.96,7496.29,2021,9,12
2021-09-12 10:40:00+00:00,178.94,179.69,178.85,179.58,9885.91,2021,9,12
2021-09-12 10:45:00+00:00,179.58,179.72,179.07,179.35,8206.76,2021,9,12
2021-09-12 10:50:00+00:00,179.35,179.9,179.3,179.7,6902.78,2021,9,12
2021-09-12 10:55:00+00:00,179.69,179.96,179.53,179.76,8755.64,2021,9,12
2021-09-12 11:00:00+00:00,179.78,180.83,179.78,180.68,17166.15,2021,9,12
2021-09-12 11:05:00+00:00,180.67,180.73,180.21,180.32,6882.17,2021,9,12
2021-09-12 11:10:00+00:00,180.32,180.65,180.08,180.21,6663.39,2021,9,12
2021-09-12 11:15:00+00:00,180.22,180.23,179.31,179.32,9295.75,2021,9,12
2021-09-12 11:20:00+00:00,179.33,179.37,178.61,178.99,14588.42,2021,9,12
2021-09-12 11:25:00+00:00,178.98,179.12,178.53,178.93,5523.74,2021,9,12
2021-09-12 11:30:00+00:00,178.93,179.21,177.38,177.52,20781.36,2021,9,12
2021-09-12 11:35:00+00:00,177.5,178.5,177.49,177.99,11072.94,2021,9,12
2021-09-12 11:40:00+00:00,177.98,178.39,177.9,178.07,6513.76,2021,9,12
2021-09-12 11:45:00+00:00,178.07,178.88,178.07,178.48,5118.1,2021,9,12
2021-09-12 11:50:00+00:00,178.49,178.78,178.3,178.67,7327.12,2021,9,12
2021-09-12 11:55:00+00:00,178.67,179.18,178.65,179.07,10850.33,2021,9,12
2021-09-12 12:00:00+00:00,179.07,179.65,178.5,179.63,10792.14,2021,9,12
2021-09-12 12:05:00+00:00,179.65,179.68,178.95,179.0,7204.84,2021,9,12
2021-09-12 12:10:00+00:00,179.0,179.17,178.23,178.38,7425.53,2021,9,12
2021-09-12 12:15:00+00:00,178.45,178.6,177.44,177.7,10863.03,2021,9,12
2021-09-12 12:20:00+00:00,177.67,177.75,177.37,177.44,9440.39,2021,9,12
2021-09-12 12:25:00+00:00,177.44,177.98,176.93,177.25,19160.85,2021,9,12
2021-09-12 12:30:00+00:00,177.26,178.35,177.26,177.92,11680.05,2021,9,12
2021-09-12 12:35:00+00:00,177.93,178.14,177.29,177.81,9026.53,2021,9,12
2021-09-12 12:40:00+00:00,177.78,178.49,177.68,178.41,6941.59,2021,9,12
2021-09-12 12:45:00+00:00,178.46,178.76,177.59,177.7,10282.93,2021,9,12
2021-09-12 12:50:00+00:00,177.72,177.82,177.3,177.82,8227.35,2021,9,12
2021-09-12 12:55:00+00:00,177.82,178.13,177.54,178.06,7303.35,2021,9,12
2021-09-12 13:00:00+00:00,178.06,178.06,177.01,177.13,9840.1,2021,9,12
2021-09-12 13:05:00+00:00,177.14,177.54,176.31,176.87,13586.35,2021,9,12
2021-09-12 13:10:00+00:00,176.86,177.33,176.52,176.73,10164.86,2021,9,12
2021-09-12 13:15:00+00:00,176.74,177.24,176.35,176.63,14284.26,2021,9,12
2021-09-12 13:20:00+00:00,176.64,177.49,176.61,176.95,9285.02,2021,9,12
2021-09-12 13:25:00+00:00,176.95,177.37,176.68,177.19,14618.34,2021,9,12
2021-09-12 13:30:00+00:00,177.18,178.63,177.16,178.51,17091.42,2021,9,12
2021-09-12 13:35:00+00:00,178.52,178.56,176.75,176.79,16754.3,2021,9,12
2021-09-12 13:40:00+00:00,176.79,177.72,176.36,177.39,15110.13,2021,9,12
2021-09-12 13:45:00+00:00,177.38,178.11,177.28,177.41,13423.8,2021,9,12
2021-09-12 13:50:00+00:00,177.44,178.45,177.22,178.44,15021.89,2021,9,12
2021-09-12 13:55:00+00:00,178.44,179.27,178.27,178.9,12701.35,2021,9,12
2021-09-12 14:00:00+00:00,178.9,179.36,178.32,178.63,15059.5,2021,9,12
2021-09-12 14:05:00+00:00,178.64,178.73,178.25,178.29,6923.6,2021,9,12
2021-09-12 14:10:00+00:00,178.29,178.54,177.7,177.97,6453.72,2021,9,12
2021-09-12 14:15:00+00:00,177.98,178.53,177.88,178.12,7680.54,2021,9,12
2021-09-12 14:20:00+00:00,178.12,178.8,177.96,178.08,8805.84,2021,9,12
2021-09-12 14:25:00+00:00,178.04,178.47,178.03,178.47,4699.75,2021,9,12
2021-09-12 14:30:00+00:00,178.46,179.0,178.25,178.45,8618.63,2021,9,12
2021-09-12 14:35:00+00:00,178.45,178.87,178.22,178.53,5772.45,2021,9,12
2021-09-12 14:40:00+00:00,178.53,178.94,178.52,178.86,5701.01,2021,9,12
2021-09-12 14:45:00+00:00,178.86,180.15,178.75,180.1,23165.22,2021,9,12
2021-09-12 14:50:00+00:00,180.09,180.33,179.63,179.8,14710.03,2021,9,12
2021-09-12 14:55:00+00:00,179.81,180.17,179.04,179.05,19515.24,2021,9,12
2021-09-12 15:00:00+00:00,179.06,179.82,179.01,179.5,10675.41,2021,9,12
2021-09-12 15:05:00+00:00,179.5,180.03,179.42,179.44,8528.54,2021,9,12
2021-09-12 15:10:00+00:00,179.45,179.89,179.43,179.8,7130.67,2021,9,12
2021-09-12 15:15:00+00:00,179.79,179.8,178.68,179.07,11540.32,2021,9,12
2021-09-12 15:20:00+00:00,179.07,179.94,179.07,179.87,5573.06,2021,9,12
2021-09-12 15:25:00+00:00,179.88,179.88,179.5,179.6,8302.02,2021,9,12
2021-09-12 15:30:00+00:00,179.59,180.24,179.1,179.24,14974.37,2021,9,12
2021-09-12 15:35:00+00:00,179.24,179.64,178.71,178.77,9801.72,2021,9,12
2021-09-12 15:40:00+00:00,178.77,179.24,178.17,178.91,16526.55,2021,9,12
2021-09-12 15:45:00+00:00,178.91,179.4,178.42,178.64,9639.9,2021,9,12
2021-09-12 15:50:00+00:00,178.64,179.08,178.44,178.93,6324.81,2021,9,12
2021-09-12 15:55:00+00:00,178.95,179.36,178.91,178.92,7126.66,2021,9,12
2021-09-12 16:00:00+00:00,178.92,179.85,178.92,179.69,11224.86,2021,9,12
2021-09-12 16:05:00+00:00,179.71,179.73,178.28,178.32,10830.68,2021,9,12
2021-09-12 16:10:00+00:00,178.31,178.74,178.0,178.11,7875.27,2021,9,12
2021-09-12 16:15:00+00:00,178.11,178.17,177.33,177.92,18582.2,2021,9,12
2021-09-12 16:20:00+00:00,177.93,178.49,177.8,178.35,7141.34,2021,9,12
2021-09-12 16:25:00+00:00,178.38,178.87,178.19,178.47,8792.9,2021,9,12
2021-09-12 16:30:00+00:00,178.5,178.8,177.99,178.58,7321.07,2021,9,12
2021-09-12 16:35:00+00:00,178.55,179.2,178.49,179.14,7231.87,2021,9,12
2021-09-12 16:40:00+00:00,179.14,179.17,178.64,178.69,7812.73,2021,9,12
2021-09-12 16:45:00+00:00,178.7,178.8,177.85,178.13,9446.79,2021,9,12
2021-09-12 16:50:00+00:00,178.12,178.12,177.41,177.67,7843.95,2021,9,12
2021-09-12 16:55:00+00:00,177.66,177.66,177.1,177.39,8645.55,2021,9,12
2021-09-12 17:00:00+00:00,177.39,177.6,176.84,176.94,13630.0,2021,9,12
2021-09-12 17:05:00+00:00,176.95,177.13,176.78,176.86,10520.58,2021,9,12
2021-09-12 17:10:00+00:00,176.86,176.96,176.31,176.32,14496.44,2021,9,12
2021-09-12 17:15:00+00:00,176.31,176.72,175.75,176.49,17306.59,2021,9,12
2021-09-12 17:20:00+00:00,176.5,177.0,176.48,176.93,9008.56,2021,9,12
2021-09-12 17:25:00+00:00,176.93,177.08,176.56,176.81,8583.03,2021,9,12
2021-09-12 17:30:00+00:00,176.82,176.84,176.29,176.32,8880.04,2021,9,12
2021-09-12 17:35:00+00:00,176.34,176.56,176.05,176.24,14004.5,2021,9,12
2021-09-12 17:40:00+00:00,176.25,176.48,176.07,176.14,10698.56,2021,9,12
2021-09-12 17:45:00+00:00,176.14,176.55,176.0,176.03,9382.48,2021,9,12
2021-09-12 17:50:00+00:00,176.03,176.59,175.0,175.59,34000.69,2021,9,12
2021-09-12 17:55:00+00:00,175.61,175.73,175.4,175.52,9463.16,2021,9,12
2021-09-12 18:00:00+00:00,175.57,176.55,175.26,176.27,15411.8,2021,9,12
2021-09-12 18:05:00+00:00,176.25,176.76,176.07,176.16,8051.81,2021,9,12
2021-09-12 18:10:00+00:00,176.16,176.45,175.96,176.07,7726.46,2021,9,12
2021-09-12 18:15:00+00:00,176.11,176.24,175.23,175.28,11362.44,2021,9,12
2021-09-12 18:20:00+00:00,175.27,175.54,175.0,175.29,14744.32,2021,9,12
2021-09-12 18:25:00+00:00,175.3,175.49,174.5,174.88,28463.31,2021,9,12
2021-09-12 18:30:00+00:00,174.87,174.97,174.17,174.2,15822.81,2021,9,12
2021-09-12 18:35:00+00:00,174.19,175.32,174.02,174.67,18305.34,2021,9,12
2021-09-12 18:40:00+00:00,174.68,175.05,174.56,174.91,9487.23,2021,9,12
2021-09-12 18:45:00+00:00,174.93,175.68,174.6,174.8,16240.46,2021,9,12
2021-09-12 18:50:00+00:00,174.8,175.13,174.33,174.95,10135.34,2021,9,12
2021-09-12 18:55:00+00:00,174.94,175.54,174.85,175.36,7635.51,2021,9,12
2021-09-12 19:00:00+00:00,175.36,176.03,175.35,175.78,8943.55,2021,9,12
2021-09-12 19:05:00+00:00,175.78,177.35,175.44,177.0,14080.9,2021,9,12
2021-09-12 19:10:00+00:00,177.01,177.04,176.05,176.34,9590.38,2021,9,12
2021-09-12 19:15:00+00:00,176.34,176.37,175.52,175.78,7985.95,2021,9,12
2021-09-12 19:20:00+00:00,175.78,176.62,175.77,176.14,8583.81,2021,9,12
2021-09-12 19:25:00+00:00,176.14,177.05,176.11,176.77,8305.04,2021,9,12
2021-09-12 19:30:00+00:00,176.76,177.3,176.73,177.07,5879.15,2021,9,12
2021-09-12 19:35:00+00:00,177.08,177.37,176.9,177.03,6405.22,2021,9,12
2021-09-12 19:40:00+00:00,177.03,177.18,176.23,176.68,7538.47,2021,9,12
2021-09-12 19:45:00+00:00,176.64,177.16,176.55,176.65,7292.75,2021,9,12
2021-09-12 19:50:00+00:00,176.65,177.19,176.61,176.86,7759.1,2021,9,12
2021-09-12 19:55:00+00:00,176.87,177.85,176.87,177.67,10350.13,2021,9,12
2021-09-12 20:00:00+00:00,177.69,177.74,176.86,177.53,11368.86,2021,9,12
2021-09-12 20:05:00+00:00,177.57,178.49,177.45,178.32,16836.55,2021,9,12
2021-09-12 20:10:00+00:00,178.35,180.0,178.23,179.72,39704.81,2021,9,12
2021-09-12 20:15:00+00:00,179.73,179.85,179.01,179.3,17937.27,2021,9,12
2021-09-12 20:20:00+00:00,179.31,179.33,178.38,178.79,13131.07,2021,9,12
2021-09-12 20:25:00+00:00,178.74,178.75,177.9,178.02,12840.48,2021,9,12
2021-09-12 20:30:00+00:00,178.03,178.5,175.0,175.43,37314.79,2021,9,12
2021-09-12 20:35:00+00:00,175.43,176.33,174.53,174.77,27544.06,2021,9,12
2021-09-12 20:40:00+00:00,174.77,175.0,173.1,174.22,37351.03,2021,9,12
2021-09-12 20:45:00+00:00,174.23,176.11,173.35,175.53,22154.04,2021,9,12
2021-09-12 20:50:00+00:00,175.51,175.72,172.0,172.73,43153.42,2021,9,12
2021-09-12 20:55:00+00:00,172.69,173.14,170.31,171.85,46192.82,2021,9,12
2021-09-12 21:00:00+00:00,171.85,172.89,170.15,171.99,28582.98,2021,9,12
2021-09-12 21:05:00+00:00,171.95,172.33,170.75,171.66,20386.63,2021,9,12
2021-09-12 21:10:00+00:00,171.7,172.7,171.3,172.64,15561.26,2021,9,12
2021-09-12 21:15:00+00:00,172.63,172.98,171.8,172.16,12577.25,2021,9,12
2021-09-12 21:20:00+00:00,172.16,172.46,171.2,171.23,9797.16,2021,9,12
2021-09-12 21:25:00+00:00,171.23,171.85,170.83,171.8,12813.18,2021,9,12
2021-09-12 21:30:00+00:00,171.81,172.5,170.92,172.47,9427.09,2021,9,12
2021-09-12 21:35:00+00:00,172.48,172.53,171.86,172.28,6169.2,2021,9,12
2021-09-12 21:40:00+00:00,172.28,172.34,171.5,171.89,6155.29,2021,9,12
2021-09-12 21:45:00+00:00,171.88,173.26,171.87,172.69,14383.3,2021,9,12
2021-09-12 21:50:00+00:00,172.7,174.28,172.65,173.96,18575.96,2021,9,12
2021-09-12 21:55:00+00:00,173.96,174.32,173.5,173.7,11324.64,2021,9,12
2021-09-12 22:00:00+00:00,173.66,174.23,173.5,173.93,12983.47,2021,9,12
2021-09-12 22:05:00+00:00,173.96,174.14,173.53,173.64,14842.69,2021,9,12
2021-09-12 22:10:00+00:00,173.62,173.84,172.85,173.61,12324.94,2021,9,12
2021-09-12 22:15:00+00:00,173.61,173.77,172.67,172.87,14660.4,2021,9,12
2021-09-12 22:20:00+00:00,172.88,173.21,172.4,172.82,16879.64,2021,9,12
2021-09-12 22:25:00+00:00,172.82,172.98,172.34,172.45,7782.87,2021,9,12
2021-09-12 22:30:00+00:00,172.45,173.76,172.37,173.15,9229.19,2021,9,12
2021-09-12 22:35:00+00:00,173.1,173.55,172.86,173.3,8625.93,2021,9,12
2021-09-12 22:40:00+00:00,173.28,173.68,173.0,173.35,7805.31,2021,9,12
2021-09-12 22:45:00+00:00,173.35,174.27,173.21,174.21,9898.83,2021,9,12
2021-09-12 22:50:00+00:00,174.23,174.83,173.94,174.75,11452.9,2021,9,12
2021-09-12 22:55:00+00:00,174.78,175.7,174.56,175.36,19986.1,2021,9,12
2021-09-12 23:00:00+00:00,175.34,176.17,175.0,175.47,19157.4,2021,9,12
2021-09-12 23:05:00+00:00,175.47,177.17,175.44,176.63,33950.06,2021,9,12
2021-09-12 23:10:00+00:00,176.61,176.76,175.94,176.02,12035.4,2021,9,12
2021-09-12 23:15:00+00:00,176.05,176.4,175.46,175.88,7794.19,2021,9,12
2021-09-12 23:20:00+00:00,175.85,176.58,175.73,176.28,8172.05,2021,9,12
2021-09-12 23:25:00+00:00,176.32,176.97,176.13,176.87,7998.53,2021,9,12
2021-09-12 23:30:00+00:00,176.87,177.4,176.08,176.61,16693.01,2021,9,12
2021-09-12 23:35:00+00:00,176.66,176.78,175.13,175.8,12280.29,2021,9,12
2021-09-12 23:40:00+00:00,175.8,175.91,175.32,175.42,6889.53,2021,9,12
2021-09-12 23:45:00+00:00,175.47,175.8,174.13,174.6,14596.58,2021,9,12
2021-09-12 23:50:00+00:00,174.6,174.95,174.15,174.4,10023.53,2021,9,12
2021-09-12 23:55:00+00:00,174.39,175.07,174.23,174.29,8948.24,2021,9,12
2021-09-13 00:00:00+00:00,174.31,174.6,173.56,173.56,25651.09,2021,9,13
2021-09-13 00:05:00+00:00,173.56,174.15,173.19,173.78,18096.14,2021,9,13
2021-09-13 00:10:00+00:00,173.77,174.2,173.3,173.36,9905.77,2021,9,13
2021-09-13 00:15:00+00:00,173.4,173.76,172.33,172.8,22048.23,2021,9,13
2021-09-13 00:20:00+00:00,172.82,173.1,170.62,170.9,41661.62,2021,9,13
2021-09-13 00:25:00+00:00,170.88,171.82,170.53,171.68,20242.33,2021,9,13
2021-09-13 00:30:00+00:00,171.68,172.01,170.81,171.02,18048.35,2021,9,13
2021-09-13 00:35:00+00:00,171.01,171.5,170.0,170.34,33832.62,2021,9,13
2021-09-13 00:40:00+00:00,170.33,170.45,165.0,167.02,142641.1,2021,9,13
2021-09-13 00:45:00+00:00,167.03,168.73,166.81,168.55,30033.94,2021,9,13
2021-09-13 00:50:00+00:00,168.56,169.39,167.59,168.2,36703.25,2021,9,13
2021-09-13 00:55:00+00:00,168.2,168.7,167.35,167.79,21156.74,2021,9,13
2021-09-13 01:00:00+00:00,167.79,168.67,167.08,168.17,16186.31,2021,9,13
2021-09-13 01:05:00+00:00,168.21,168.29,166.6,166.81,21617.78,2021,9,13
2021-09-13 01:10:00+00:00,166.82,166.82,161.63,162.79,111681.43,2021,9,13
2021-09-13 01:15:00+00:00,162.79,164.99,162.46,164.84,69779.38,2021,9,13
2021-09-13 01:20:00+00:00,164.82,165.5,164.16,164.91,30076.23,2021,9,13
2021-09-13 01:25:00+00:00,164.9,165.14,163.87,164.85,18274.64,2021,9,13
2021-09-13 01:30:00+00:00,164.86,164.86,162.98,164.26,24613.49,2021,9,13
2021-09-13 01:35:00+00:00,164.23,164.67,163.23,164.38,18563.26,2021,9,13
2021-09-13 01:40:00+00:00,164.42,164.53,163.0,163.11,18099.67,2021,9,13
2021-09-13 01:45:00+00:00,163.08,165.36,162.62,165.19,25651.11,2021,9,13
2021-09-13 01:50:00+00:00,165.18,165.25,163.73,164.25,21958.41,2021,9,13
2021-09-13 01:55:00+00:00,164.24,164.6,163.42,163.45,19189.31,2021,9,13
2021-09-13 02:00:00+00:00,163.44,163.44,162.44,163.11,29552.43,2021,9,13
2021-09-13 02:05:00+00:00,163.11,163.2,160.9,162.12,47195.34,2021,9,13
2021-09-13 02:10:00+00:00,162.12,162.15,158.6,161.24,126704.79,2021,9,13
2021-09-13 02:15:00+00:00,161.22,161.64,159.82,160.87,46128.06,2021,9,13
2021-09-13 02:20:00+00:00,160.84,160.85,158.31,159.02,45183.85,2021,9,13
2021-09-13 02:25:00+00:00,159.01,159.01,156.7,157.33,76169.75,2021,9,13
2021-09-13 02:30:00+00:00,157.32,158.76,156.26,158.71,91926.5,2021,9,13
2021-09-13 02:35:00+00:00,158.72,160.72,158.65,160.65,62801.09,2021,9,13
2021-09-13 02:40:00+00:00,160.65,160.89,159.36,160.12,32434.51,2021,9,13
2021-09-13 02:45:00+00:00,160.11,160.99,159.33,160.47,34367.94,2021,9,13
2021-09-13 02:50:00+00:00,160.4,161.03,159.39,159.67,22749.19,2021,9,13
2021-09-13 02:55:00+00:00,159.67,159.82,158.1,159.4,30343.59,2021,9,13
2021-09-13 03:00:00+00:00,159.42,159.45,157.55,158.71,34532.98,2021,9,13
2021-09-13 03:05:00+00:00,158.69,160.58,158.1,159.95,41559.69,2021,9,13
2021-09-13 03:10:00+00:00,159.94,160.07,158.54,158.89,23051.21,2021,9,13
2021-09-13 03:15:00+00:00,158.91,159.26,158.33,158.63,20450.51,2021,9,13
2021-09-13 03:20:00+00:00,158.69,160.04,157.88,159.74,23027.07,2021,9,13
2021-09-13 03:25:00+00:00,159.75,160.32,158.27,158.5,21306.72,2021,9,13
2021-09-13 03:30:00+00:00,158.5,159.24,157.85,159.07,18123.21,2021,9,13
2021-09-13 03:35:00+00:00,159.06,159.9,158.29,159.75,18913.58,2021,9,13
2021-09-13 03:40:00+00:00,159.76,159.78,157.48,157.69,19491.6,2021,9,13
2021-09-13 03:45:00+00:00,157.68,158.96,157.22,158.79,23012.45,2021,9,13
2021-09-13 03:50:00+00:00,158.76,158.79,156.83,157.25,28369.43,2021,9,13
2021-09-13 03:55:00+00:00,157.25,157.32,154.1,154.95,89258.81,2021,9,13
2021-09-13 04:00:00+00:00,154.95,157.37,154.58,157.32,64115.12,2021,9,13
2021-09-13 04:05:00+00:00,157.27,157.87,156.3,156.77,30034.7,2021,9,13
2021-09-13 04:10:00+00:00,156.78,157.77,155.94,156.9,24702.87,2021,9,13
2021-09-13 04:15:00+00:00,156.9,159.14,156.63,159.11,32953.6,2021,9,13
2021-09-13 04:20:00+00:00,159.12,160.81,159.0,159.37,50799.49,2021,9,13
2021-09-13 04:25:00+00:00,159.36,159.8,158.84,159.09,21085.82,2021,9,13
2021-09-13 04:30:00+00:00,159.11,161.6,158.92,160.39,37808.06,2021,9,13
2021-09-13 04:35:00+00:00,160.38,161.99,160.37,160.92,35776.13,2021,9,13
2021-09-13 04:40:00+00:00,160.94,161.18,160.51,160.86,20770.92,2021,9,13
2021-09-13 04:45:00+00:00,160.84,160.99,159.62,160.03,29478.5,2021,9,13
2021-09-13 04:50:00+00:00,160.03,161.17,159.69,160.7,21104.06,2021,9,13
2021-09-13 04:55:00+00:00,160.7,161.29,160.14,160.98,20270.18,2021,9,13
2021-09-13 05:00:00+00:00,160.94,160.96,159.26,159.45,25521.29,2021,9,13
2021-09-13 05:05:00+00:00,159.5,160.33,158.32,160.02,26578.44,2021,9,13
2021-09-13 05:10:00+00:00,160.03,160.46,158.81,158.9,16427.68,2021,9,13
2021-09-13 05:15:00+00:00,158.86,160.37,158.18,160.0,31892.63,2021,9,13
2021-09-13 05:20:00+00:00,160.0,160.23,158.97,159.95,17172.76,2021,9,13
2021-09-13 05:25:00+00:00,159.96,160.8,159.62,160.34,17684.58,2021,9,13
2021-09-13 05:30:00+00:00,160.33,160.68,159.92,160.5,15136.99,2021,9,13
2021-09-13 05:35:00+00:00,160.49,160.49,159.59,159.9,10835.99,2021,9,13
2021-09-13 05:40:00+00:00,159.92,160.64,159.68,160.48,14826.23,2021,9,13
2021-09-13 05:45:00+00:00,160.53,161.98,160.28,161.56,34309.62,2021,9,13
2021-09-13 05:50:00+00:00,161.59,163.32,161.21,162.3,45056.44,2021,9,13
2021-09-13 05:55:00+00:00,162.33,162.42,161.04,161.68,20423.34,2021,9,13
2021-09-13 06:00:00+00:00,161.72,161.72,160.31,160.46,22593.09,2021,9,13
2021-09-13 06:05:00+00:00,160.45,160.46,160.0,160.16,18029.23,2021,9,13
2021-09-13 06:10:00+00:00,160.17,161.09,159.29,159.41,25136.13,2021,9,13
2021-09-13 06:15:00+00:00,159.41,159.72,158.43,159.21,34594.47,2021,9,13
2021-09-13 06:20:00+00:00,159.21,159.87,159.15,159.74,11731.79,2021,9,13
2021-09-13 06:25:00+00:00,159.75,159.83,159.13,159.61,14874.09,2021,9,13
2021-09-13 06:30:00+00:00,159.61,160.69,159.53,160.57,15323.26,2021,9,13
2021-09-13 06:35:00+00:00,160.56,160.67,159.09,159.16,11799.23,2021,9,13
2021-09-13 06:40:00+00:00,159.17,160.09,159.06,160.02,7222.17,2021,9,13
2021-09-13 06:45:00+00:00,160.02,160.33,158.83,159.64,12684.95,2021,9,13
2021-09-13 06:50:00+00:00,159.63,160.12,159.1,159.66,14191.74,2021,9,13
2021-09-13 06:55:00+00:00,159.65,160.32,159.21,160.26,8644.11,2021,9,13
2021-09-13 07:00:00+00:00,160.26,160.91,159.51,160.71,13441.98,2021,9,13
2021-09-13 07:05:00+00:00,160.71,161.68,160.71,161.06,18807.15,2021,9,13
2021-09-13 07:10:00+00:00,161.06,161.09,159.82,159.96,14277.46,2021,9,13
2021-09-13 07:15:00+00:00,159.95,160.04,156.54,156.76,37196.26,2021,9,13
2021-09-13 07:20:00+00:00,156.76,157.67,155.2,155.53,49794.46,2021,9,13
2021-09-13 07:25:00+00:00,155.54,156.08,154.37,155.67,46948.51,2021,9,13
2021-09-13 07:30:00+00:00,155.65,155.65,152.53,154.99,77007.2,2021,9,13
2021-09-13 07:35:00+00:00,155.0,155.58,154.47,154.66,30492.44,2021,9,13
2021-09-13 07:40:00+00:00,154.66,155.42,152.77,152.88,33537.31,2021,9,13
2021-09-13 07:45:00+00:00,152.85,153.66,151.25,151.41,78926.78,2021,9,13
2021-09-13 07:50:00+00:00,151.41,152.93,151.1,152.8,40022.4,2021,9,13
2021-09-13 07:55:00+00:00,152.85,153.84,152.0,152.91,33672.52,2021,9,13
2021-09-13 08:00:00+00:00,152.84,154.11,151.8,152.39,59083.07,2021,9,13
2021-09-13 08:05:00+00:00,152.39,152.7,150.81,151.75,52446.18,2021,9,13
2021-09-13 08:10:00+00:00,151.71,152.34,150.5,151.22,48615.62,2021,9,13
2021-09-13 08:15:00+00:00,151.21,151.91,150.3,151.47,41054.76,2021,9,13
2021-09-13 08:20:00+00:00,151.47,153.28,151.0,153.0,45717.04,2021,9,13
2021-09-13 08:25:00+00:00,153.01,154.8,152.69,153.7,38305.2,2021,9,13
2021-09-13 08:30:00+00:00,153.71,155.7,153.58,154.95,47468.46,2021,9,13
2021-09-13 08:35:00+00:00,154.92,155.9,153.5,153.86,53688.79,2021,9,13
2021-09-13 08:40:00+00:00,153.86,154.38,152.77,153.06,43320.16,2021,9,13
2021-09-13 08:45:00+00:00,153.05,154.4,152.66,154.24,44130.16,2021,9,13
2021-09-13 08:50:00+00:00,154.23,154.4,153.02,154.32,19521.91,2021,9,13
2021-09-13 08:55:00+00:00,154.32,154.5,153.3,153.93,18420.52,2021,9,13
2021-09-13 09:00:00+00:00,153.93,155.5,153.84,155.47,22020.11,2021,9,13
2021-09-13 09:05:00+00:00,155.46,156.0,155.38,155.83,26631.95,2021,9,13
2021-09-13 09:10:00+00:00,155.77,155.99,154.37,155.69,23367.93,2021,9,13
2021-09-13 09:15:00+00:00,155.7,156.82,155.59,156.16,38646.82,2021,9,13
2021-09-13 09:20:00+00:00,156.17,156.28,155.09,155.74,23027.98,2021,9,13
2021-09-13 09:25:00+00:00,155.73,156.96,155.6,156.95,13848.48,2021,9,13
2021-09-13 09:30:00+00:00,156.97,157.25,155.15,156.67,25195.69,2021,9,13
2021-09-13 09:35:00+00:00,156.66,157.96,156.52,157.08,26071.72,2021,9,13
2021-09-13 09:40:00+00:00,157.03,157.44,156.72,157.05,15433.18,2021,9,13
2021-09-13 09:45:00+00:00,157.05,157.93,156.56,156.94,19136.37,2021,9,13
2021-09-13 09:50:00+00:00,156.92,157.46,156.53,156.72,15634.3,2021,9,13
2021-09-13 09:55:00+00:00,156.71,156.74,155.55,156.42,20265.25,2021,9,13
2021-09-13 10:00:00+00:00,156.45,158.73,155.49,158.6,29660.41,2021,9,13
2021-09-13 10:05:00+00:00,158.59,158.96,157.73,158.57,36688.5,2021,9,13
2021-09-13 10:10:00+00:00,158.54,159.63,158.54,159.41,28883.36,2021,9,13
2021-09-13 10:15:00+00:00,159.38,160.5,158.56,158.99,43518.35,2021,9,13
2021-09-13 10:20:00+00:00,159.0,159.4,158.05,159.11,23984.12,2021,9,13
2021-09-13 10:25:00+00:00,159.1,159.68,158.82,159.38,20882.61,2021,9,13
2021-09-13 10:30:00+00:00,159.37,159.44,158.25,158.5,15625.67,2021,9,13
2021-09-13 10:35:00+00:00,158.49,159.19,158.12,158.92,11540.98,2021,9,13
2021-09-13 10:40:00+00:00,158.92,158.92,157.63,158.23,16112.4,2021,9,13
2021-09-13 10:45:00+00:00,158.25,158.65,157.52,158.1,19787.93,2021,9,13
2021-09-13 10:50:00+00:00,158.1,159.15,157.73,158.91,13938.95,2021,9,13
2021-09-13 10:55:00+00:00,158.89,159.24,158.33,159.11,10579.34,2021,9,13
2021-09-13 11:00:00+00:00,159.1,159.16,157.51,157.69,19992.31,2021,9,13
2021-09-13 11:05:00+00:00,157.78,158.09,156.9,157.39,20210.03,2021,9,13
2021-09-13 11:10:00+00:00,157.41,157.41,154.7,155.08,41331.27,2021,9,13
2021-09-13 11:15:00+00:00,155.05,158.21,154.61,157.95,27727.27,2021,9,13
2021-09-13 11:20:00+00:00,158.04,158.97,157.67,157.99,27793.39,2021,9,13
2021-09-13 11:25:00+00:00,157.99,158.39,157.16,157.68,14233.98,2021,9,13
2021-09-13 11:30:00+00:00,157.69,158.95,157.69,158.52,18363.67,2021,9,13
2021-09-13 11:35:00+00:00,158.51,159.95,158.47,159.24,32339.27,2021,9,13
2021-09-13 11:40:00+00:00,159.22,160.9,158.95,160.64,27400.47,2021,9,13
2021-09-13 11:45:00+00:00,160.64,161.11,159.23,159.53,25427.46,2021,9,13
2021-09-13 11:50:00+00:00,159.54,160.3,158.97,159.97,15376.27,2021,9,13
2021-09-13 11:55:00+00:00,159.98,160.59,159.57,160.23,35370.52,2021,9,13
2021-09-13 12:00:00+00:00,160.12,161.29,159.77,160.89,22825.69,2021,9,13
2021-09-13 12:05:00+00:00,160.89,162.8,160.85,162.58,45247.48,2021,9,13
2021-09-13 12:10:00+00:00,162.51,163.51,161.99,162.91,48494.01,2021,9,13
2021-09-13 12:15:00+00:00,162.96,163.5,162.2,162.92,28190.25,2021,9,13
2021-09-13 12:20:00+00:00,162.84,163.0,161.5,161.94,27028.43,2021,9,13
2021-09-13 12:25:00+00:00,161.96,162.0,160.75,161.57,24362.18,2021,9,13
2021-09-13 12:30:00+00:00,161.57,161.63,159.99,160.81,22245.49,2021,9,13
2021-09-13 12:35:00+00:00,160.79,161.6,160.5,161.42,13115.23,2021,9,13
2021-09-13 12:40:00+00:00,161.44,161.59,159.44,159.55,31554.92,2021,9,13
2021-09-13 12:45:00+00:00,159.55,160.25,159.31,159.57,20625.21,2021,9,13
2021-09-13 12:50:00+00:00,159.57,159.65,158.35,158.9,20618.48,2021,9,13
2021-09-13 12:55:00+00:00,158.91,159.6,158.68,159.11,15110.92,2021,9,13
2021-09-13 13:00:00+00:00,159.11,160.25,158.3,159.8,21726.27,2021,9,13
2021-09-13 13:05:00+00:00,159.75,160.3,159.33,159.83,10793.5,2021,9,13
2021-09-13 13:10:00+00:00,159.8,159.93,158.67,159.68,9569.59,2021,9,13
2021-09-13 13:15:00+00:00,159.66,160.89,159.44,160.47,13484.85,2021,9,13
2021-09-13 13:20:00+00:00,160.46,161.45,160.42,161.44,9980.83,2021,9,13
2021-09-13 13:25:00+00:00,161.44,161.84,161.0,161.36,16773.06,2021,9,13
2021-09-13 13:30:00+00:00,161.36,164.32,161.18,164.02,60585.68,2021,9,13
2021-09-13 13:35:00+00:00,164.02,166.2,163.96,164.63,97845.27,2021,9,13
2021-09-13 13:40:00+00:00,164.67,166.49,164.55,166.45,47366.82,2021,9,13
2021-09-13 13:45:00+00:00,166.46,167.73,163.08,164.91,118824.14,2021,9,13
2021-09-13 13:50:00+00:00,164.95,165.2,163.34,163.9,51037.89,2021,9,13
2021-09-13 13:55:00+00:00,163.93,164.76,163.02,163.25,31598.61,2021,9,13
2021-09-13 14:00:00+00:00,163.21,163.8,154.0,157.84,118931.54,2021,9,13
2021-09-13 14:05:00+00:00,157.85,159.69,156.14,158.37,81953.2,2021,9,13
2021-09-13 14:10:00+00:00,158.37,158.79,154.75,156.11,77591.73,2021,9,13
2021-09-13 14:15:00+00:00,156.04,157.8,151.0,151.14,97876.09,2021,9,13
2021-09-13 14:20:00+00:00,151.13,155.61,151.0,155.51,84112.65,2021,9,13
2021-09-13 14:25:00+00:00,155.34,156.8,154.36,155.81,58596.98,2021,9,13
2021-09-13 14:30:00+00:00,155.81,155.96,152.82,154.4,49711.59,2021,9,13
2021-09-13 14:35:00+00:00,154.32,157.0,153.29,156.59,33182.51,2021,9,13
2021-09-13 14:40:00+00:00,156.58,156.64,155.17,155.6,32985.89,2021,9,13
2021-09-13 14:45:00+00:00,155.57,158.44,155.06,156.63,44702.68,2021,9,13
2021-09-13 14:50:00+00:00,156.64,157.0,156.0,156.59,23092.71,2021,9,13
2021-09-13 14:55:00+00:00,156.62,156.64,155.23,155.4,19277.07,2021,9,13
2021-09-13 15:00:00+00:00,155.38,157.31,155.0,156.58,25066.25,2021,9,13
2021-09-13 15:05:00+00:00,156.58,159.6,156.38,158.0,49012.95,2021,9,13
2021-09-13 15:10:00+00:00,158.0,159.52,157.5,159.2,23282.01,2021,9,13
2021-09-13 15:15:00+00:00,159.2,159.3,157.33,158.64,17400.44,2021,9,13
2021-09-13 15:20:00+00:00,158.65,159.77,158.18,159.64,24553.31,2021,9,13
2021-09-13 15:25:00+00:00,159.61,159.99,158.62,158.76,23241.74,2021,9,13
2021-09-13 15:30:00+00:00,158.69,159.88,158.67,159.54,29357.73,2021,9,13
2021-09-13 15:35:00+00:00,159.49,159.58,158.14,158.52,18237.25,2021,9,13
2021-09-13 15:40:00+00:00,158.53,158.94,156.29,157.4,28274.25,2021,9,13
2021-09-13 15:45:00+00:00,157.48,157.69,157.04,157.48,11678.52,2021,9,13
2021-09-13 15:50:00+00:00,157.54,157.55,156.5,157.3,13663.07,2021,9,13
2021-09-13 15:55:00+00:00,157.3,157.91,156.91,157.03,11383.38,2021,9,13
2021-09-13 16:00:00+00:00,157.06,157.2,156.0,156.62,23837.39,2021,9,13
2021-09-13 16:05:00+00:00,156.59,157.47,155.18,155.47,21251.8,2021,9,13
2021-09-13 16:10:00+00:00,155.48,156.25,155.31,155.7,14411.64,2021,9,13
2021-09-13 16:15:00+00:00,155.71,155.79,154.22,155.01,32749.24,2021,9,13
2021-09-13 16:20:00+00:00,155.0,155.57,154.85,155.12,14514.94,2021,9,13
2021-09-13 16:25:00+00:00,155.11,155.5,154.58,154.86,13700.57,2021,9,13
2021-09-13 16:30:00+00:00,154.86,156.33,154.85,155.86,16566.52,2021,9,13
2021-09-13 16:35:00+00:00,155.89,157.55,155.89,156.8,19180.17,2021,9,13
2021-09-13 16:40:00+00:00,156.81,157.33,156.48,156.93,9126.51,2021,9,13
2021-09-13 16:45:00+00:00,156.91,158.0,156.28,157.95,20053.32,2021,9,13
2021-09-13 16:50:00+00:00,157.98,158.39,157.21,157.81,18426.33,2021,9,13
2021-09-13 16:55:00+00:00,157.85,158.87,157.63,158.8,11513.13,2021,9,13
2021-09-13 17:00:00+00:00,158.79,158.93,157.93,158.05,10491.76,2021,9,13
2021-09-13 17:05:00+00:00,158.05,159.1,158.03,158.86,15307.42,2021,9,13
2021-09-13 17:10:00+00:00,158.86,159.19,158.23,158.49,10660.11,2021,9,13
2021-09-13 17:15:00+00:00,158.47,158.7,157.41,157.6,8534.35,2021,9,13
2021-09-13 17:20:00+00:00,157.61,158.2,157.5,157.86,10740.55,2021,9,13
2021-09-13 17:25:00+00:00,157.87,158.08,157.0,157.27,10824.19,2021,9,13
2021-09-13 17:30:00+00:00,157.34,158.0,156.91,157.03,8246.89,2021,9,13
2021-09-13 17:35:00+00:00,157.07,158.29,156.92,157.48,7930.97,2021,9,13
2021-09-13 17:40:00+00:00,157.48,158.63,157.47,158.57,8049.7,2021,9,13
2021-09-13 17:45:00+00:00,158.64,158.86,157.79,158.28,8426.97,2021,9,13
2021-09-13 17:50:00+00:00,158.29,158.68,157.66,157.94,9834.07,2021,9,13
2021-09-13 17:55:00+00:00,157.94,158.85,157.51,158.82,8415.66,2021,9,13
2021-09-13 18:00:00+00:00,158.8,159.25,158.3,158.87,8730.34,2021,9,13
2021-09-13 18:05:00+00:00,158.87,159.5,158.59,158.89,9195.46,2021,9,13
2021-09-13 18:10:00+00:00,158.86,159.9,158.64,159.68,10524.26,2021,9,13
2021-09-13 18:15:00+00:00,159.71,163.68,159.71,162.8,61944.29,2021,9,13
2021-09-13 18:20:00+00:00,162.79,164.65,162.13,163.06,51073.09,2021,9,13
2021-09-13 18:25:00+00:00,163.11,163.36,161.76,161.99,13192.2,2021,9,13
2021-09-13 18:30:00+00:00,161.94,163.99,161.93,162.7,21186.61,2021,9,13
2021-09-13 18:35:00+00:00,162.7,162.88,162.02,162.05,14368.3,2021,9,13
2021-09-13 18:40:00+00:00,162.02,162.02,159.93,161.3,27373.74,2021,9,13
2021-09-13 18:45:00+00:00,161.3,161.89,160.41,161.8,15212.67,2021,9,13
2021-09-13 18:50:00+00:00,161.79,166.0,161.73,164.99,83901.32,2021,9,13
2021-09-13 18:55:00+00:00,164.92,165.15,164.33,164.9,19125.54,2021,9,13
2021-09-13 19:00:00+00:00,164.84,164.95,163.43,163.89,21806.19,2021,9,13
2021-09-13 19:05:00+00:00,163.85,164.05,163.55,163.62,11215.46,2021,9,13
2021-09-13 19:10:00+00:00,163.61,165.12,163.16,163.93,18238.95,2021,9,13
2021-09-13 19:15:00+00:00,163.92,164.44,163.2,163.75,9859.05,2021,9,13
2021-09-13 19:20:00+00:00,163.74,164.29,163.68,163.79,7490.57,2021,9,13
2021-09-13 19:25:00+00:00,163.79,165.87,163.79,165.76,13165.36,2021,9,13
2021-09-13 19:30:00+00:00,165.78,165.99,164.27,164.55,35108.8,2021,9,13
2021-09-13 19:35:00+00:00,164.63,164.99,163.86,164.65,9700.69,2021,9,13
2021-09-13 19:40:00+00:00,164.68,165.0,164.14,164.52,12029.84,2021,9,13
2021-09-13 19:45:00+00:00,164.56,165.31,164.3,164.36,20655.88,2021,9,13
2021-09-13 19:50:00+00:00,164.47,164.99,163.69,163.8,11862.0,2021,9,13
2021-09-13 19:55:00+00:00,163.83,164.42,163.81,164.08,11132.35,2021,9,13
2021-09-13 20:00:00+00:00,164.12,165.33,164.06,165.17,15286.66,2021,9,13
2021-09-13 20:05:00+00:00,165.17,165.71,164.8,165.02,20713.66,2021,9,13
2021-09-13 20:10:00+00:00,165.07,165.6,164.55,164.77,10786.77,2021,9,13
2021-09-13 20:15:00+00:00,164.73,166.86,164.68,166.38,24869.55,2021,9,13
2021-09-13 20:20:00+00:00,166.38,167.0,165.77,166.9,12609.35,2021,9,13
2021-09-13 20:25:00+00:00,166.91,167.8,166.78,167.46,24435.93,2021,9,13
2021-09-13 20:30:00+00:00,167.38,168.41,166.78,168.41,24963.95,2021,9,13
2021-09-13 20:35:00+00:00,168.37,169.0,167.59,169.0,29040.67,2021,9,13
2021-09-13 20:40:00+00:00,169.0,169.84,168.79,169.64,43975.72,2021,9,13
2021-09-13 20:45:00+00:00,169.53,169.68,168.22,168.36,29477.23,2021,9,13
2021-09-13 20:50:00+00:00,168.33,168.69,167.65,168.2,16989.35,2021,9,13
2021-09-13 20:55:00+00:00,168.19,169.61,168.08,168.99,24421.45,2021,9,13
2021-09-13 21:00:00+00:00,168.99,170.0,168.75,169.7,40412.6,2021,9,13
2021-09-13 21:05:00+00:00,169.7,169.91,168.1,169.1,15745.14,2021,9,13
2021-09-13 21:10:00+00:00,169.1,169.68,168.67,168.85,13996.14,2021,9,13
2021-09-13 21:15:00+00:00,168.87,172.12,168.78,172.0,71494.7,2021,9,13
2021-09-13 21:20:00+00:00,172.0,172.75,171.12,172.58,48106.52,2021,9,13
2021-09-13 21:25:00+00:00,172.58,175.0,172.57,174.01,72467.94,2021,9,13
2021-09-13 21:30:00+00:00,174.0,175.0,172.72,174.52,41201.47,2021,9,13
2021-09-13 21:35:00+00:00,174.53,174.79,170.54,170.94,58956.31,2021,9,13
2021-09-13 21:40:00+00:00,170.9,172.5,170.86,171.82,32075.59,2021,9,13
2021-09-13 21:45:00+00:00,171.82,174.0,171.74,173.94,27026.38,2021,9,13
2021-09-13 21:50:00+00:00,173.98,173.98,172.7,173.65,35693.77,2021,9,13
2021-09-13 21:55:00+00:00,173.65,174.25,172.0,172.31,29906.76,2021,9,13
2021-09-13 22:00:00+00:00,172.3,173.08,171.01,172.0,22066.11,2021,9,13
2021-09-13 22:05:00+00:00,171.99,172.27,169.83,170.29,50041.5,2021,9,13
2021-09-13 22:10:00+00:00,170.3,170.36,168.49,169.15,41371.4,2021,9,13
2021-09-13 22:15:00+00:00,169.15,169.89,168.07,168.54,21679.86,2021,9,13
2021-09-13 22:20:00+00:00,168.54,168.95,167.01,168.31,28887.91,2021,9,13
2021-09-13 22:25:00+00:00,168.39,169.07,168.27,168.62,13929.16,2021,9,13
2021-09-13 22:30:00+00:00,168.66,169.75,168.31,168.65,20363.2,2021,9,13
2021-09-13 22:35:00+00:00,168.65,169.56,168.65,169.28,8933.08,2021,9,13
2021-09-13 22:40:00+00:00,169.31,171.07,169.19,170.31,16487.86,2021,9,13
2021-09-13 22:45:00+00:00,170.37,171.86,169.62,171.16,17863.2,2021,9,13
2021-09-13 22:50:00+00:00,171.22,172.32,171.07,171.39,32447.43,2021,9,13
2021-09-13 22:55:00+00:00,171.36,171.69,169.69,170.43,28394.1,2021,9,13
2021-09-13 23:00:00+00:00,170.48,170.52,168.86,169.37,25567.24,2021,9,13
2021-09-13 23:05:00+00:00,169.37,169.79,168.5,168.82,16442.09,2021,9,13
2021-09-13 23:10:00+00:00,168.85,170.3,168.85,169.66,13157.48,2021,9,13
2021-09-13 23:15:00+00:00,169.65,170.24,168.66,168.67,14591.3,2021,9,13
2021-09-13 23:20:00+00:00,168.67,168.85,166.31,167.23,38501.36,2021,9,13
2021-09-13 23:25:00+00:00,167.23,168.37,166.89,168.05,16509.72,2021,9,13
2021-09-13 23:30:00+00:00,168.15,168.84,167.8,167.95,10909.75,2021,9,13
2021-09-13 23:35:00+00:00,167.94,168.8,167.73,168.04,12451.9,2021,9,13
2021-09-13 23:40:00+00:00,168.01,169.19,167.91,169.04,8897.23,2021,9,13
2021-09-13 23:45:00+00:00,169.08,169.42,168.54,168.96,5974.7,2021,9,13
2021-09-13 23:50:00+00:00,168.96,169.8,168.4,168.99,11769.89,2021,9,13
2021-09-13 23:55:00+00:00,169.0,169.86,168.64,169.53,8990.03,2021,9,13
2021-09-14 00:00:00+00:00,169.54,169.61,166.88,168.39,18671.02,2021,9,14
2021-09-14 00:05:00+00:00,168.3,169.21,167.11,167.46,23244.32,2021,9,14
2021-09-14 00:10:00+00:00,167.46,169.96,167.3,169.96,16499.69,2021,9,14
2021-09-14 00:15:00+00:00,169.93,171.83,169.84,169.96,29841.04,2021,9,14
2021-09-14 00:20:00+00:00,169.91,170.55,167.78,168.45,20254.18,2021,9,14
2021-09-14 00:25:00+00:00,168.43,168.69,167.0,167.27,29817.07,2021,9,14
2021-09-14 00:30:00+00:00,167.3,169.25,166.8,168.0,21035.9,2021,9,14
2021-09-14 00:35:00+00:00,168.0,170.07,168.0,169.14,20225.92,2021,9,14
2021-09-14 00:40:00+00:00,169.21,169.54,168.84,168.88,10937.98,2021,9,14
2021-09-14 00:45:00+00:00,168.87,170.5,168.81,170.13,11266.79,2021,9,14
2021-09-14 00:50:00+00:00,170.14,170.77,169.3,170.1,16775.15,2021,9,14
2021-09-14 00:55:00+00:00,170.06,170.68,169.57,169.72,9786.43,2021,9,14
2021-09-14 01:00:00+00:00,169.64,170.42,168.52,168.72,12678.7,2021,9,14
2021-09-14 01:05:00+00:00,168.7,168.87,168.16,168.31,10190.92,2021,9,14
2021-09-14 01:10:00+00:00,168.31,168.62,167.62,168.01,13985.35,2021,9,14
2021-09-14 01:15:00+00:00,167.98,168.32,165.89,166.85,29502.53,2021,9,14
2021-09-14 01:20:00+00:00,166.85,167.06,166.09,166.6,26312.84,2021,9,14
2021-09-14 01:25:00+00:00,166.64,166.89,166.35,166.63,9820.5,2021,9,14
2021-09-14 01:30:00+00:00,166.65,167.34,166.63,167.09,13513.06,2021,9,14
2021-09-14 01:35:00+00:00,167.06,167.19,166.01,166.04,9927.38,2021,9,14
2021-09-14 01:40:00+00:00,166.13,166.65,165.5,166.01,26933.78,2021,9,14
2021-09-14 01:45:00+00:00,166.0,166.58,165.21,166.26,21494.93,2021,9,14
2021-09-14 01:50:00+00:00,166.3,167.33,166.3,167.2,11730.73,2021,9,14
2021-09-14 01:55:00+00:00,167.25,167.25,165.94,166.7,7620.86,2021,9,14
2021-09-14 02:00:00+00:00,166.64,167.68,166.49,167.38,9873.8,2021,9,14
2021-09-14 02:05:00+00:00,167.38,168.27,166.79,167.03,16418.49,2021,9,14
2021-09-14 02:10:00+00:00,167.01,167.01,165.93,166.19,11495.58,2021,9,14
2021-09-14 02:15:00+00:00,166.2,166.73,164.81,165.73,21694.76,2021,9,14
2021-09-14 02:20:00+00:00,165.72,165.8,164.41,164.57,18566.09,2021,9,14
2021-09-14 02:25:00+00:00,164.59,165.18,164.56,164.73,8420.16,2021,9,14
2021-09-14 02:30:00+00:00,164.72,164.82,163.62,163.93,29233.51,2021,9,14
2021-09-14 02:35:00+00:00,163.94,164.65,163.8,164.53,11601.03,2021,9,14
2021-09-14 02:40:00+00:00,164.58,165.92,164.58,165.91,15668.13,2021,9,14
2021-09-14 02:45:00+00:00,165.86,166.31,165.15,165.77,11494.94,2021,9,14
2021-09-14 02:50:00+00:00,165.76,165.99,165.16,165.68,9245.07,2021,9,14
2021-09-14 02:55:00+00:00,165.61,166.18,165.23,165.83,10323.58,2021,9,14
2021-09-14 03:00:00+00:00,165.83,166.8,165.59,166.66,9388.87,2021,9,14
2021-09-14 03:05:00+00:00,166.71,167.33,166.57,166.6,11654.7,2021,9,14
2021-09-14 03:10:00+00:00,166.6,167.29,166.3,166.52,11049.81,2021,9,14
2021-09-14 03:15:00+00:00,166.49,166.99,166.41,166.5,8667.55,2021,9,14
2021-09-14 03:20:00+00:00,166.49,166.49,164.91,164.98,16711.0,2021,9,14
2021-09-14 03:25:00+00:00,164.99,166.02,164.54,165.97,11214.2,2021,9,14
2021-09-14 03:30:00+00:00,165.96,166.19,165.33,166.13,7393.57,2021,9,14
2021-09-14 03:35:00+00:00,166.13,167.23,165.5,167.21,11280.8,2021,9,14
2021-09-14 03:40:00+00:00,167.21,167.39,166.53,166.77,11331.67,2021,9,14
2021-09-14 03:45:00+00:00,166.72,168.0,166.19,167.64,13590.25,2021,9,14
2021-09-14 03:50:00+00:00,167.59,167.9,167.01,167.08,8616.98,2021,9,14
2021-09-14 03:55:00+00:00,167.17,167.9,166.73,167.43,10411.32,2021,9,14
2021-09-14 04:00:00+00:00,167.44,168.96,167.41,167.69,20112.7,2021,9,14
2021-09-14 04:05:00+00:00,167.66,167.99,167.12,167.24,8187.98,2021,9,14
2021-09-14 04:10:00+00:00,167.24,167.71,166.65,167.62,15364.35,2021,9,14
2021-09-14 04:15:00+00:00,167.63,168.06,166.68,167.92,12522.86,2021,9,14
2021-09-14 04:20:00+00:00,167.89,168.19,166.93,167.16,9737.87,2021,9,14
2021-09-14 04:25:00+00:00,167.17,167.38,166.47,167.28,10992.45,2021,9,14
2021-09-14 04:30:00+00:00,167.33,167.34,165.54,166.02,15820.07,2021,9,14
2021-09-14 04:35:00+00:00,166.0,166.38,165.88,166.29,8176.7,2021,9,14
2021-09-14 04:40:00+00:00,166.3,166.44,165.91,166.34,13911.05,2021,9,14
2021-09-14 04:45:00+00:00,166.38,166.87,165.43,165.47,21900.4,2021,9,14
2021-09-14 04:50:00+00:00,165.47,165.62,164.95,165.1,14280.72,2021,9,14
2021-09-14 04:55:00+00:00,165.15,165.2,164.37,165.05,13597.42,2021,9,14
2021-09-14 05:00:00+00:00,165.05,166.0,165.04,165.95,13204.07,2021,9,14
2021-09-14 05:05:00+00:00,165.96,166.16,165.3,165.79,9961.31,2021,9,14
2021-09-14 05:10:00+00:00,165.79,166.09,165.06,165.16,8079.93,2021,9,14
2021-09-14 05:15:00+00:00,165.16,165.47,164.82,165.23,12233.38,2021,9,14
2021-09-14 05:20:00+00:00,165.23,165.56,164.76,165.21,9331.55,2021,9,14
2021-09-14 05:25:00+00:00,165.2,166.67,165.17,166.33,17895.91,2021,9,14
2021-09-14 05:30:00+00:00,166.34,166.85,165.72,166.14,9600.33,2021,9,14
2021-09-14 05:35:00+00:00,166.17,166.94,165.82,166.54,5647.71,2021,9,14
2021-09-14 05:40:00+00:00,166.57,167.72,166.41,167.62,14338.19,2021,9,14
2021-09-14 05:45:00+00:00,167.62,168.0,167.06,167.11,17025.74,2021,9,14
2021-09-14 05:50:00+00:00,167.11,167.77,166.83,167.76,10322.61,2021,9,14
2021-09-14 05:55:00+00:00,167.77,167.77,167.1,167.56,7056.4,2021,9,14
2021-09-14 06:00:00+00:00,167.56,167.72,165.76,165.88,15867.25,2021,9,14
2021-09-14 06:05:00+00:00,165.87,166.41,165.76,166.02,9239.47,2021,9,14
2021-09-14 06:10:00+00:00,166.0,166.44,165.92,166.32,8129.67,2021,9,14
2021-09-14 06:15:00+00:00,166.34,167.21,166.32,166.56,11119.3,2021,9,14
2021-09-14 06:20:00+00:00,166.57,167.44,166.51,166.92,9040.0,2021,9,14
2021-09-14 06:25:00+00:00,166.92,167.02,165.07,165.18,20548.9,2021,9,14
2021-09-14 06:30:00+00:00,165.18,165.18,163.88,164.43,25675.57,2021,9,14
2021-09-14 06:35:00+00:00,164.42,164.76,164.06,164.47,14066.69,2021,9,14
2021-09-14 06:40:00+00:00,164.49,165.88,163.4,165.38,29865.69,2021,9,14
2021-09-14 06:45:00+00:00,165.37,166.1,163.41,164.66,33206.21,2021,9,14
2021-09-14 06:50:00+00:00,164.6,164.99,164.14,164.75,15854.54,2021,9,14
2021-09-14 06:55:00+00:00,164.74,166.03,164.6,165.7,19868.08,2021,9,14
2021-09-14 07:00:00+00:00,165.73,166.75,165.09,165.22,23016.88,2021,9,14
2021-09-14 07:05:00+00:00,165.25,166.47,165.18,166.25,23719.66,2021,9,14
2021-09-14 07:10:00+00:00,166.25,166.6,165.55,165.71,22737.03,2021,9,14
2021-09-14 07:15:00+00:00,165.73,166.17,165.46,165.88,12081.84,2021,9,14
2021-09-14 07:20:00+00:00,165.85,167.0,165.4,166.53,21999.63,2021,9,14
2021-09-14 07:25:00+00:00,166.52,166.97,166.16,166.63,14797.55,2021,9,14
2021-09-14 07:30:00+00:00,166.62,166.84,165.87,166.05,12302.74,2021,9,14
2021-09-14 07:35:00+00:00,166.06,166.29,165.61,166.28,12494.5,2021,9,14
2021-09-14 07:40:00+00:00,166.29,166.5,165.75,165.77,11751.11,2021,9,14
2021-09-14 07:45:00+00:00,165.8,166.2,165.41,165.57,8735.9,2021,9,14
2021-09-14 07:50:00+00:00,165.58,165.71,164.6,165.29,15273.69,2021,9,14
2021-09-14 07:55:00+00:00,165.28,166.37,165.2,165.96,10971.63,2021,9,14
2021-09-14 08:00:00+00:00,166.04,166.1,165.05,165.22,11088.48,2021,9,14
2021-09-14 08:05:00+00:00,165.22,166.19,165.1,166.18,14419.29,2021,9,14
2021-09-14 08:10:00+00:00,166.17,167.27,166.14,167.11,22344.84,2021,9,14
2021-09-14 08:15:00+00:00,167.12,167.36,166.65,167.04,19141.51,2021,9,14
2021-09-14 08:20:00+00:00,167.02,167.19,166.34,166.57,14309.33,2021,9,14
2021-09-14 08:25:00+00:00,166.55,167.54,166.42,167.16,15388.64,2021,9,14
2021-09-14 08:30:00+00:00,167.13,167.68,166.91,167.15,14709.02,2021,9,14
2021-09-14 08:35:00+00:00,167.15,167.15,166.57,166.96,12048.22,2021,9,14
2021-09-14 08:40:00+00:00,166.93,168.75,166.76,168.33,38889.22,2021,9,14
2021-09-14 08:45:00+00:00,168.33,169.56,168.24,169.31,26603.43,2021,9,14
2021-09-14 08:50:00+00:00,169.3,170.22,169.24,169.91,36167.71,2021,9,14
2021-09-14 08:55:00+00:00,169.88,171.51,169.79,170.03,50931.28,2021,9,14
2021-09-14 09:00:00+00:00,170.06,171.1,169.96,170.24,32498.13,2021,9,14
2021-09-14 09:05:00+00:00,170.22,170.38,168.28,168.62,32803.97,2021,9,14
2021-09-14 09:10:00+00:00,168.6,169.25,167.67,168.53,24873.52,2021,9,14
2021-09-14 09:15:00+00:00,168.54,169.47,168.5,169.34,19138.77,2021,9,14
2021-09-14 09:20:00+00:00,169.34,170.0,168.72,169.15,15413.33,2021,9,14
2021-09-14 09:25:00+00:00,169.16,169.25,168.68,168.84,11648.64,2021,9,14
2021-09-14 09:30:00+00:00,168.86,169.36,168.11,168.5,13902.01,2021,9,14
2021-09-14 09:35:00+00:00,168.5,169.26,168.25,168.37,11679.96,2021,9,14
2021-09-14 09:40:00+00:00,168.36,168.76,167.3,167.56,14116.66,2021,9,14
2021-09-14 09:45:00+00:00,167.55,168.25,167.37,167.89,9029.44,2021,9,14
2021-09-14 09:50:00+00:00,167.87,168.57,167.53,167.53,14027.6,2021,9,14
2021-09-14 09:55:00+00:00,167.53,167.98,167.47,167.75,7716.33,2021,9,14
2021-09-14 10:00:00+00:00,167.82,168.74,167.77,168.47,9196.23,2021,9,14
2021-09-14 10:05:00+00:00,168.48,168.48,167.5,167.72,10545.01,2021,9,14
2021-09-14 10:10:00+00:00,167.73,168.17,167.53,167.59,6114.87,2021,9,14
2021-09-14 10:15:00+00:00,167.59,168.36,167.5,168.02,12054.02,2021,9,14
2021-09-14 10:20:00+00:00,168.03,168.05,167.4,167.49,8883.28,2021,9,14
2021-09-14 10:25:00+00:00,167.5,167.62,166.47,166.88,18238.29,2021,9,14
2021-09-14 10:30:00+00:00,166.88,167.42,166.53,167.17,12332.84,2021,9,14
2021-09-14 10:35:00+00:00,167.18,167.39,166.83,167.35,7552.17,2021,9,14
2021-09-14 10:40:00+00:00,167.36,168.3,167.3,167.96,10060.33,2021,9,14
2021-09-14 10:45:00+00:00,167.99,168.0,167.0,167.44,14531.25,2021,9,14
2021-09-14 10:50:00+00:00,167.45,168.64,167.43,168.43,13292.72,2021,9,14
2021-09-14 10:55:00+00:00,168.37,168.47,167.79,168.34,10925.11,2021,9,14
2021-09-14 11:00:00+00:00,168.35,168.61,167.55,167.8,10178.2,2021,9,14
2021-09-14 11:05:00+00:00,167.8,167.91,167.32,167.8,6575.23,2021,9,14
2021-09-14 11:10:00+00:00,167.76,167.76,167.41,167.71,4562.34,2021,9,14
2021-09-14 11:15:00+00:00,167.72,168.0,166.47,166.95,13919.78,2021,9,14
2021-09-14 11:20:00+00:00,166.9,166.97,165.21,166.16,24510.72,2021,9,14
2021-09-14 11:25:00+00:00,166.17,166.75,165.61,166.4,14842.5,2021,9,14
2021-09-14 11:30:00+00:00,166.37,166.69,165.2,165.64,14752.26,2021,9,14
2021-09-14 11:35:00+00:00,165.63,165.66,164.68,164.82,24182.16,2021,9,14
2021-09-14 11:40:00+00:00,164.81,164.87,163.67,164.27,26521.81,2021,9,14
2021-09-14 11:45:00+00:00,164.23,165.24,164.01,164.69,13685.66,2021,9,14
2021-09-14 11:50:00+00:00,164.66,164.86,163.9,163.95,7657.0,2021,9,14
2021-09-14 11:55:00+00:00,163.94,165.27,163.9,165.04,11377.37,2021,9,14
2021-09-14 12:00:00+00:00,165.01,165.78,165.01,165.49,8612.8,2021,9,14
2021-09-14 12:05:00+00:00,165.48,165.8,165.11,165.22,9838.17,2021,9,14
2021-09-14 12:10:00+00:00,165.23,165.6,164.94,165.44,10487.52,2021,9,14
2021-09-14 12:15:00+00:00,165.41,165.43,161.22,161.66,61551.65,2021,9,14
2021-09-14 12:20:00+00:00,161.66,162.5,159.86,160.44,95736.5,2021,9,14
2021-09-14 12:25:00+00:00,160.4,161.21,159.01,160.16,54209.5,2021,9,14
2021-09-14 12:30:00+00:00,160.14,162.79,160.04,161.75,60151.74,2021,9,14
2021-09-14 12:35:00+00:00,161.75,162.94,161.12,161.19,36424.97,2021,9,14
2021-09-14 12:40:00+00:00,161.16,161.88,158.81,159.4,66383.44,2021,9,14
2021-09-14 12:45:00+00:00,159.4,160.5,158.41,159.78,86833.2,2021,9,14
2021-09-14 12:50:00+00:00,159.77,161.44,159.73,160.83,22695.64,2021,9,14
2021-09-14 12:55:00+00:00,160.83,161.36,160.35,160.79,24612.18,2021,9,14
2021-09-14 13:00:00+00:00,160.75,161.19,159.86,160.69,26055.16,2021,9,14
2021-09-14 13:05:00+00:00,160.71,161.35,160.23,160.32,20754.86,2021,9,14
2021-09-14 13:10:00+00:00,160.32,160.49,159.38,160.14,20599.73,2021,9,14
2021-09-14 13:15:00+00:00,160.16,160.22,158.22,158.4,30360.83,2021,9,14
2021-09-14 13:20:00+00:00,158.4,159.75,158.0,159.57,29809.75,2021,9,14
2021-09-14 13:25:00+00:00,159.56,160.28,159.48,159.81,28644.54,2021,9,14
2021-09-14 13:30:00+00:00,159.81,160.32,159.67,159.99,15724.18,2021,9,14
2021-09-14 13:35:00+00:00,159.96,161.48,159.8,161.46,26513.6,2021,9,14
2021-09-14 13:40:00+00:00,161.45,161.5,160.75,161.0,15929.24,2021,9,14
2021-09-14 13:45:00+00:00,161.02,161.1,160.21,160.22,21624.42,2021,9,14
2021-09-14 13:50:00+00:00,160.21,160.32,158.65,159.02,31076.8,2021,9,14
2021-09-14 13:55:00+00:00,159.0,159.09,156.3,156.71,53785.74,2021,9,14
2021-09-14 14:00:00+00:00,156.77,157.5,155.22,156.42,60594.48,2021,9,14
2021-09-14 14:05:00+00:00,156.42,157.84,156.3,156.8,42054.59,2021,9,14
2021-09-14 14:10:00+00:00,156.81,158.11,156.32,158.01,25659.05,2021,9,14
2021-09-14 14:15:00+00:00,158.01,159.28,157.36,159.16,32221.61,2021,9,14
2021-09-14 14:20:00+00:00,159.14,160.08,158.33,160.08,40967.35,2021,9,14
2021-09-14 14:25:00+00:00,160.08,160.95,159.73,160.21,33795.67,2021,9,14
2021-09-14 14:30:00+00:00,160.21,162.35,159.62,162.31,66518.69,2021,9,14
2021-09-14 14:35:00+00:00,162.33,163.29,161.56,162.48,81076.42,2021,9,14
2021-09-14 14:40:00+00:00,162.48,162.8,161.75,162.29,30202.4,2021,9,14
2021-09-14 14:45:00+00:00,162.27,162.27,160.84,161.24,22930.04,2021,9,14
2021-09-14 14:50:00+00:00,161.26,161.48,160.3,161.11,18899.76,2021,9,14
2021-09-14 14:55:00+00:00,161.11,162.44,160.76,162.43,15118.19,2021,9,14
2021-09-14 15:00:00+00:00,162.35,163.03,161.0,161.52,29651.32,2021,9,14
2021-09-14 15:05:00+00:00,161.52,162.07,161.0,161.0,13411.36,2021,9,14
2021-09-14 15:10:00+00:00,161.01,162.14,160.93,161.15,24235.97,2021,9,14
2021-09-14 15:15:00+00:00,161.15,161.6,159.02,159.66,42961.32,2021,9,14
2021-09-14 15:20:00+00:00,159.64,160.32,159.21,159.63,23211.66,2021,9,14
2021-09-14 15:25:00+00:00,159.64,160.0,158.48,158.57,29399.72,2021,9,14
2021-09-14 15:30:00+00:00,158.57,159.61,158.47,159.58,40240.57,2021,9,14
2021-09-14 15:35:00+00:00,159.59,160.0,158.73,159.12,16054.51,2021,9,14
2021-09-14 15:40:00+00:00,159.13,160.32,158.74,159.6,14057.7,2021,9,14
2021-09-14 15:45:00+00:00,159.59,160.4,159.22,160.37,8977.68,2021,9,14
2021-09-14 15:50:00+00:00,160.37,160.41,159.58,159.7,12211.19,2021,9,14
2021-09-14 15:55:00+00:00,159.71,159.71,158.92,159.26,11348.12,2021,9,14
2021-09-14 16:00:00+00:00,159.26,159.95,157.8,158.5,34825.43,2021,9,14
2021-09-14 16:05:00+00:00,158.5,158.86,157.0,157.26,34023.26,2021,9,14
2021-09-14 16:10:00+00:00,157.3,158.23,157.26,158.23,15383.82,2021,9,14
2021-09-14 16:15:00+00:00,158.19,159.0,157.71,158.5,13485.05,2021,9,14
2021-09-14 16:20:00+00:00,158.48,158.5,156.86,157.1,24218.54,2021,9,14
2021-09-14 16:25:00+00:00,157.09,157.9,156.9,157.4,15129.84,2021,9,14
2021-09-14 16:30:00+00:00,157.39,159.85,157.3,159.49,28511.93,2021,9,14
2021-09-14 16:35:00+00:00,159.5,159.69,158.44,158.92,10595.04,2021,9,14
2021-09-14 16:40:00+00:00,158.88,159.57,158.41,158.87,13298.09,2021,9,14
2021-09-14 16:45:00+00:00,158.88,159.73,158.37,159.62,13250.52,2021,9,14
2021-09-14 16:50:00+00:00,159.61,159.99,159.06,159.28,17093.7,2021,9,14
2021-09-14 16:55:00+00:00,159.28,159.59,155.0,158.59,56669.72,2021,9,14
2021-09-14 17:00:00+00:00,158.57,158.97,157.65,157.66,17923.7,2021,9,14
2021-09-14 17:05:00+00:00,157.65,158.0,157.55,157.73,10979.81,2021,9,14
2021-09-14 17:10:00+00:00,157.7,157.78,156.4,156.78,26078.35,2021,9,14
2021-09-14 17:15:00+00:00,156.78,157.32,156.31,156.49,23090.02,2021,9,14
2021-09-14 17:20:00+00:00,156.49,156.77,155.91,156.22,15769.91,2021,9,14
2021-09-14 17:25:00+00:00,156.22,156.46,155.67,156.25,22621.39,2021,9,14
2021-09-14 17:30:00+00:00,156.28,157.24,155.83,156.84,13847.33,2021,9,14
2021-09-14 17:35:00+00:00,156.84,157.48,156.66,156.89,11653.29,2021,9,14
2021-09-14 17:40:00+00:00,156.86,157.37,155.92,156.01,17738.82,2021,9,14
2021-09-14 17:45:00+00:00,156.01,156.46,155.39,156.39,18575.13,2021,9,14
2021-09-14 17:50:00+00:00,156.36,157.0,156.1,156.2,11308.24,2021,9,14
2021-09-14 17:55:00+00:00,156.2,156.2,155.6,155.9,13948.04,2021,9,14
2021-09-14 18:00:00+00:00,155.89,157.7,155.8,157.26,35777.79,2021,9,14
2021-09-14 18:05:00+00:00,157.23,157.26,156.36,156.84,12217.72,2021,9,14
2021-09-14 18:10:00+00:00,156.82,156.85,155.15,155.24,19870.51,2021,9,14
2021-09-14 18:15:00+00:00,155.21,156.18,155.15,155.58,21221.48,2021,9,14
2021-09-14 18:20:00+00:00,155.59,155.63,153.4,154.69,87442.9,2021,9,14
2021-09-14 18:25:00+00:00,154.73,155.0,152.88,152.97,52910.88,2021,9,14
2021-09-14 18:30:00+00:00,152.97,154.18,152.06,152.28,66596.48,2021,9,14
2021-09-14 18:35:00+00:00,152.28,153.42,150.85,151.05,116001.66,2021,9,14
2021-09-14 18:40:00+00:00,151.05,152.0,150.98,151.73,37477.19,2021,9,14
2021-09-14 18:45:00+00:00,151.75,153.2,151.72,152.89,55095.22,2021,9,14
2021-09-14 18:50:00+00:00,152.89,154.18,152.83,153.74,43555.09,2021,9,14
2021-09-14 18:55:00+00:00,153.75,155.09,153.3,154.57,49807.68,2021,9,14
2021-09-14 19:00:00+00:00,154.57,154.63,152.82,152.98,44366.95,2021,9,14
2021-09-14 19:05:00+00:00,152.98,153.66,152.49,152.69,24506.26,2021,9,14
2021-09-14 19:10:00+00:00,152.72,153.32,152.66,153.27,11894.1,2021,9,14
2021-09-14 19:15:00+00:00,153.29,154.04,151.56,151.99,45926.7,2021,9,14
2021-09-14 19:20:00+00:00,151.98,155.58,151.67,155.41,74004.26,2021,9,14
2021-09-14 19:25:00+00:00,155.42,160.25,154.91,157.57,155482.49,2021,9,14
2021-09-14 19:30:00+00:00,157.48,159.32,155.3,156.56,86061.16,2021,9,14
2021-09-14 19:35:00+00:00,156.57,158.5,156.28,157.88,38157.16,2021,9,14
2021-09-14 19:40:00+00:00,157.89,159.17,157.4,158.03,32197.85,2021,9,14
2021-09-14 19:45:00+00:00,158.03,158.53,156.14,156.35,28489.32,2021,9,14
2021-09-14 19:50:00+00:00,156.38,157.02,154.78,155.4,44857.53,2021,9,14
2021-09-14 19:55:00+00:00,155.38,155.73,153.62,154.21,41014.65,2021,9,14
2021-09-14 20:00:00+00:00,154.2,155.38,153.72,154.58,36112.98,2021,9,14
2021-09-14 20:05:00+00:00,154.58,154.97,152.62,153.44,45303.64,2021,9,14
2021-09-14 20:10:00+00:00,153.48,154.67,153.4,154.32,19273.8,2021,9,14
2021-09-14 20:15:00+00:00,154.35,154.42,152.62,153.43,36789.02,2021,9,14
2021-09-14 20:20:00+00:00,153.43,153.91,152.96,153.85,14032.43,2021,9,14
2021-09-14 20:25:00+00:00,153.86,154.11,153.26,153.54,23720.03,2021,9,14
2021-09-14 20:30:00+00:00,153.56,153.56,152.22,152.74,25114.02,2021,9,14
2021-09-14 20:35:00+00:00,152.71,152.82,151.65,151.9,39267.53,2021,9,14
2021-09-14 20:40:00+00:00,151.91,153.07,151.24,152.54,46160.32,2021,9,14
2021-09-14 20:45:00+00:00,152.52,153.95,152.31,152.75,30061.26,2021,9,14
2021-09-14 20:50:00+00:00,152.75,153.23,152.38,152.69,15660.51,2021,9,14
2021-09-14 20:55:00+00:00,152.7,153.0,150.62,150.99,55632.45,2021,9,14
2021-09-14 21:00:00+00:00,151.02,152.5,150.97,152.24,23861.8,2021,9,14
2021-09-14 21:05:00+00:00,152.23,152.27,147.0,149.08,150847.92,2021,9,14
2021-09-14 21:10:00+00:00,149.09,149.25,144.41,147.66,201438.86,2021,9,14
2021-09-14 21:15:00+00:00,147.66,149.25,146.81,147.73,69175.5,2021,9,14
2021-09-14 21:20:00+00:00,147.73,148.03,143.51,145.52,105332.85,2021,9,14
2021-09-14 21:25:00+00:00,145.52,146.0,142.98,142.98,82664.11,2021,9,14
2021-09-14 21:30:00+00:00,142.98,146.4,142.6,145.36,103682.3,2021,9,14
2021-09-14 21:35:00+00:00,145.36,147.77,144.93,146.29,59138.2,2021,9,14
2021-09-14 21:40:00+00:00,146.29,147.5,145.67,146.34,33533.13,2021,9,14
2021-09-14 21:45:00+00:00,146.34,149.94,145.4,148.42,80832.5,2021,9,14
2021-09-14 21:50:00+00:00,148.43,149.8,148.4,148.93,30604.47,2021,9,14
2021-09-14 21:55:00+00:00,148.94,149.48,148.2,148.83,29272.69,2021,9,14
2021-09-14 22:00:00+00:00,148.83,150.08,148.22,149.3,38718.87,2021,9,14
2021-09-14 22:05:00+00:00,149.3,149.5,148.7,148.93,25312.29,2021,9,14
2021-09-14 22:10:00+00:00,148.94,149.3,148.11,148.6,29976.26,2021,9,14
2021-09-14 22:15:00+00:00,148.62,148.72,145.69,146.09,54299.58,2021,9,14
2021-09-14 22:20:00+00:00,146.17,147.86,145.0,146.64,53056.86,2021,9,14
2021-09-14 22:25:00+00:00,146.63,147.44,146.13,147.16,22884.86,2021,9,14
2021-09-14 22:30:00+00:00,147.16,147.38,145.81,147.22,25210.06,2021,9,14
2021-09-14 22:35:00+00:00,147.29,149.29,147.18,148.18,33275.02,2021,9,14
2021-09-14 22:40:00+00:00,148.2,148.46,147.45,147.9,14773.82,2021,9,14
2021-09-14 22:45:00+00:00,147.88,148.58,147.68,148.41,21395.1,2021,9,14
2021-09-14 22:50:00+00:00,148.42,150.28,148.39,150.24,43122.77,2021,9,14
2021-09-14 22:55:00+00:00,150.24,152.68,150.2,152.67,83881.01,2021,9,14
2021-09-14 23:00:00+00:00,152.64,154.34,151.17,151.41,84820.34,2021,9,14
2021-09-14 23:05:00+00:00,151.41,154.01,151.37,152.73,52139.58,2021,9,14
2021-09-14 23:10:00+00:00,152.8,153.5,150.45,152.7,88824.59,2021,9,14
2021-09-14 23:15:00+00:00,152.69,154.41,151.74,154.13,36712.08,2021,9,14
2021-09-14 23:20:00+00:00,154.13,155.0,153.28,154.51,40782.27,2021,9,14
2021-09-14 23:25:00+00:00,154.57,154.77,153.5,154.11,33559.88,2021,9,14
2021-09-14 23:30:00+00:00,154.12,156.41,153.88,156.16,48810.4,2021,9,14
2021-09-14 23:35:00+00:00,156.17,156.81,155.58,156.25,37033.3,2021,9,14
2021-09-14 23:40:00+00:00,156.27,156.28,154.51,155.4,36444.38,2021,9,14
2021-09-14 23:45:00+00:00,155.4,158.0,154.8,157.98,46024.21,2021,9,14
2021-09-14 23:50:00+00:00,157.99,159.49,156.64,159.32,61952.21,2021,9,14
2021-09-14 23:55:00+00:00,159.32,159.87,157.6,158.88,93248.29,2021,9,14
2021-09-15 00:00:00+00:00,158.72,159.17,157.14,157.48,46039.39,2021,9,15
2021-09-15 00:05:00+00:00,157.48,157.6,155.77,156.98,44460.92,2021,9,15
2021-09-15 00:10:00+00:00,156.97,159.62,156.43,159.59,32639.24,2021,9,15
2021-09-15 00:15:00+00:00,159.58,159.7,156.72,157.54,36761.04,2021,9,15
2021-09-15 00:20:00+00:00,157.56,158.33,156.8,158.29,15591.21,2021,9,15
2021-09-15 00:25:00+00:00,158.29,158.5,156.8,156.85,31736.25,2021,9,15
2021-09-15 00:30:00+00:00,156.91,158.02,156.66,157.71,23999.11,2021,9,15
2021-09-15 00:35:00+00:00,157.72,160.75,157.1,160.33,48261.95,2021,9,15
2021-09-15 00:40:00+00:00,160.33,162.2,160.26,161.75,48557.44,2021,9,15
2021-09-15 00:45:00+00:00,161.7,161.74,160.21,160.41,33738.62,2021,9,15
2021-09-15 00:50:00+00:00,160.4,161.34,160.1,161.28,20441.61,2021,9,15
2021-09-15 00:55:00+00:00,161.3,161.89,160.8,161.04,20459.59,2021,9,15
2021-09-15 01:00:00+00:00,161.05,163.0,160.61,162.48,26880.35,2021,9,15
2021-09-15 01:05:00+00:00,162.47,163.58,162.18,163.1,30100.04,2021,9,15
2021-09-15 01:10:00+00:00,163.03,163.66,162.58,162.97,21382.36,2021,9,15
2021-09-15 01:15:00+00:00,162.95,163.83,162.33,162.71,32545.53,2021,9,15
2021-09-15 01:20:00+00:00,162.65,162.65,160.9,161.16,29806.51,2021,9,15
2021-09-15 01:25:00+00:00,161.16,161.72,160.89,161.24,15526.86,2021,9,15
2021-09-15 01:30:00+00:00,161.24,161.34,160.08,160.4,23763.24,2021,9,15
2021-09-15 01:35:00+00:00,160.41,160.5,158.06,158.89,57630.34,2021,9,15
2021-09-15 01:40:00+00:00,158.89,159.45,158.43,158.47,18890.04,2021,9,15
2021-09-15 01:45:00+00:00,158.48,159.54,157.84,158.27,40950.5,2021,9,15
2021-09-15 01:50:00+00:00,158.27,158.32,156.07,157.4,46778.05,2021,9,15
2021-09-15 01:55:00+00:00,157.32,158.19,156.36,158.15,25574.42,2021,9,15
2021-09-15 02:00:00+00:00,158.09,159.0,157.34,157.67,27287.42,2021,9,15
2021-09-15 02:05:00+00:00,157.57,157.72,156.69,157.05,20240.56,2021,9,15
2021-09-15 02:10:00+00:00,157.05,157.75,156.41,157.08,15919.23,2021,9,15
2021-09-15 02:15:00+00:00,157.02,157.56,156.51,156.83,17232.02,2021,9,15
2021-09-15 02:20:00+00:00,156.83,157.96,156.8,157.73,12739.92,2021,9,15
2021-09-15 02:25:00+00:00,157.72,159.17,157.65,158.51,17596.23,2021,9,15
2021-09-15 02:30:00+00:00,158.49,159.21,158.49,158.66,10811.12,2021,9,15
2021-09-15 02:35:00+00:00,158.63,159.56,157.66,159.31,12399.4,2021,9,15
2021-09-15 02:40:00+00:00,159.32,160.0,158.9,159.8,14262.8,2021,9,15
2021-09-15 02:45:00+00:00,159.83,159.83,158.79,159.24,15009.12,2021,9,15
2021-09-15 02:50:00+00:00,159.25,159.5,158.11,158.35,10345.49,2021,9,15
2021-09-15 02:55:00+00:00,158.34,158.37,157.11,157.44,8657.43,2021,9,15
2021-09-15 03:00:00+00:00,157.47,158.1,157.02,157.07,11071.1,2021,9,15
2021-09-15 03:05:00+00:00,157.08,157.28,156.32,156.67,15400.07,2021,9,15
2021-09-15 03:10:00+00:00,156.66,157.95,156.51,157.63,11468.56,2021,9,15
2021-09-15 03:15:00+00:00,157.64,158.44,156.6,157.73,15544.23,2021,9,15
2021-09-15 03:20:00+00:00,157.74,159.3,157.67,158.63,11153.31,2021,9,15
2021-09-15 03:25:00+00:00,158.64,159.15,158.51,158.8,7546.86,2021,9,15
2021-09-15 03:30:00+00:00,158.79,159.21,157.7,157.85,10700.24,2021,9,15
2021-09-15 03:35:00+00:00,157.81,158.29,157.1,157.29,11237.24,2021,9,15
2021-09-15 03:40:00+00:00,157.29,157.61,156.5,157.02,13052.45,2021,9,15
2021-09-15 03:45:00+00:00,157.02,157.96,157.01,157.74,9194.66,2021,9,15
2021-09-15 03:50:00+00:00,157.8,157.83,156.4,157.01,12027.81,2021,9,15
2021-09-15 03:55:00+00:00,157.07,157.8,157.01,157.27,9027.71,2021,9,15
2021-09-15 04:00:00+00:00,157.27,157.38,154.84,155.19,30588.24,2021,9,15
2021-09-15 04:05:00+00:00,155.18,155.67,153.69,155.04,47914.55,2021,9,15
2021-09-15 04:10:00+00:00,155.05,155.07,154.13,154.65,19353.58,2021,9,15
2021-09-15 04:15:00+00:00,154.64,155.18,154.3,154.82,11488.26,2021,9,15
2021-09-15 04:20:00+00:00,154.82,155.7,154.43,155.45,10719.47,2021,9,15
2021-09-15 04:25:00+00:00,155.45,155.75,155.04,155.72,8311.39,2021,9,15
2021-09-15 04:30:00+00:00,155.72,156.33,155.6,156.03,14804.07,2021,9,15
2021-09-15 04:35:00+00:00,156.03,156.15,155.3,155.44,19715.29,2021,9,15
2021-09-15 04:40:00+00:00,155.45,155.97,155.29,155.81,12736.84,2021,9,15
2021-09-15 04:45:00+00:00,155.82,156.44,155.26,155.34,28918.06,2021,9,15
2021-09-15 04:50:00+00:00,155.34,156.23,155.09,156.19,19011.31,2021,9,15
2021-09-15 04:55:00+00:00,156.18,156.4,154.45,154.89,26610.24,2021,9,15
2021-09-15 05:00:00+00:00,154.9,156.0,154.01,155.95,19809.83,2021,9,15
2021-09-15 05:05:00+00:00,155.94,158.08,155.92,157.34,26815.62,2021,9,15
2021-09-15 05:10:00+00:00,157.34,157.93,157.2,157.23,10701.76,2021,9,15
2021-09-15 05:15:00+00:00,157.2,157.98,156.54,157.15,21352.44,2021,9,15
2021-09-15 05:20:00+00:00,157.12,157.65,155.91,156.45,28320.49,2021,9,15
2021-09-15 05:25:00+00:00,156.42,157.87,156.12,157.85,12732.02,2021,9,15
2021-09-15 05:30:00+00:00,157.85,162.8,157.38,162.66,90692.3,2021,9,15
2021-09-15 05:35:00+00:00,162.66,163.5,161.33,161.78,72657.43,2021,9,15
2021-09-15 05:40:00+00:00,161.77,161.88,159.67,159.81,44303.48,2021,9,15
2021-09-15 05:45:00+00:00,159.84,161.55,158.61,160.61,45021.23,2021,9,15
2021-09-15 05:50:00+00:00,160.61,162.0,160.32,161.62,29404.14,2021,9,15
2021-09-15 05:55:00+00:00,161.67,162.58,160.7,161.34,28332.04,2021,9,15
2021-09-15 06:00:00+00:00,161.33,161.85,160.3,161.6,27995.7,2021,9,15
2021-09-15 06:05:00+00:00,161.6,166.5,161.59,164.63,175484.5,2021,9,15
2021-09-15 06:10:00+00:00,164.64,165.71,163.89,163.91,44502.72,2021,9,15
2021-09-15 06:15:00+00:00,163.91,166.25,163.47,164.73,56280.24,2021,9,15
2021-09-15 06:20:00+00:00,164.73,165.51,163.93,164.64,29253.46,2021,9,15
2021-09-15 06:25:00+00:00,164.65,165.57,164.35,164.65,29293.63,2021,9,15
2021-09-15 06:30:00+00:00,164.64,164.64,163.29,163.5,20367.21,2021,9,15
2021-09-15 06:35:00+00:00,163.51,164.0,162.42,162.49,24108.48,2021,9,15
2021-09-15 06:40:00+00:00,162.44,163.77,161.76,163.38,36321.7,2021,9,15
2021-09-15 06:45:00+00:00,163.34,164.17,163.1,163.5,21044.98,2021,9,15
2021-09-15 06:50:00+00:00,163.49,164.17,163.41,164.03,15324.61,2021,9,15
2021-09-15 06:55:00+00:00,164.04,164.04,162.28,162.85,19966.44,2021,9,15
2021-09-15 07:00:00+00:00,162.81,163.0,161.14,161.79,26878.67,2021,9,15
2021-09-15 07:05:00+00:00,161.8,162.83,161.5,161.63,29195.25,2021,9,15
2021-09-15 07:10:00+00:00,161.67,162.11,161.14,161.45,14157.68,2021,9,15
2021-09-15 07:15:00+00:00,161.4,162.67,161.0,161.9,42850.58,2021,9,15
2021-09-15 07:20:00+00:00,161.89,162.67,161.7,162.42,10942.64,2021,9,15
2021-09-15 07:25:00+00:00,162.41,162.67,162.0,162.43,11049.87,2021,9,15
2021-09-15 07:30:00+00:00,162.44,163.41,162.38,162.84,16198.69,2021,9,15
2021-09-15 07:35:00+00:00,162.84,163.17,162.7,162.97,9368.12,2021,9,15
2021-09-15 07:40:00+00:00,162.99,164.0,162.12,162.24,28307.45,2021,9,15
2021-09-15 07:45:00+00:00,162.27,162.41,161.47,161.65,13998.13,2021,9,15
2021-09-15 07:50:00+00:00,161.64,162.46,161.58,162.14,12895.11,2021,9,15
2021-09-15 07:55:00+00:00,162.13,162.38,161.62,162.03,11501.42,2021,9,15
2021-09-15 08:00:00+00:00,162.03,162.15,161.43,161.63,11615.24,2021,9,15
2021-09-15 08:05:00+00:00,161.6,162.06,161.5,162.06,11148.27,2021,9,15
2021-09-15 08:10:00+00:00,161.97,163.16,161.8,162.3,12239.2,2021,9,15
2021-09-15 08:15:00+00:00,162.31,162.5,161.38,161.45,9490.75,2021,9,15
2021-09-15 08:20:00+00:00,161.45,161.68,161.16,161.29,10206.11,2021,9,15
2021-09-15 08:25:00+00:00,161.31,161.57,160.59,161.32,14676.97,2021,9,15
2021-09-15 08:30:00+00:00,161.32,161.98,161.1,161.9,10861.73,2021,9,15
2021-09-15 08:35:00+00:00,161.9,163.77,161.89,162.85,49348.58,2021,9,15
2021-09-15 08:40:00+00:00,162.84,164.42,162.46,162.73,35159.07,2021,9,15
2021-09-15 08:45:00+00:00,162.74,163.05,161.72,161.85,17664.4,2021,9,15
2021-09-15 08:50:00+00:00,161.85,162.9,161.79,162.0,10500.02,2021,9,15
2021-09-15 08:55:00+00:00,161.99,162.7,161.75,161.89,14344.76,2021,9,15
2021-09-15 09:00:00+00:00,161.89,162.25,161.3,161.47,16285.05,2021,9,15
2021-09-15 09:05:00+00:00,161.52,162.01,161.1,161.41,10488.46,2021,9,15
2021-09-15 09:10:00+00:00,161.4,162.39,161.36,162.14,9075.11,2021,9,15
2021-09-15 09:15:00+00:00,162.13,162.68,161.53,162.38,16290.46,2021,9,15
2021-09-15 09:20:00+00:00,162.37,162.43,160.91,161.01,15575.6,2021,9,15
2021-09-15 09:25:00+00:00,161.0,161.64,160.8,161.32,12080.73,2021,9,15
2021-09-15 09:30:00+00:00,161.32,161.8,159.22,159.63,42481.39,2021,9,15
2021-09-15 09:35:00+00:00,159.6,160.11,158.75,159.57,29943.63,2021,9,15
2021-09-15 09:40:00+00:00,159.56,160.41,159.2,160.05,23578.84,2021,9,15
2021-09-15 09:45:00+00:00,160.05,160.78,159.22,159.72,41741.15,2021,9,15
2021-09-15 09:50:00+00:00,159.72,160.0,159.36,159.61,23057.63,2021,9,15
2021-09-15 09:55:00+00:00,159.64,159.65,158.52,159.0,26916.04,2021,9,15
2021-09-15 10:00:00+00:00,159.0,159.8,158.81,159.76,16004.69,2021,9,15
2021-09-15 10:05:00+00:00,159.75,160.39,159.55,160.21,19330.83,2021,9,15
2021-09-15 10:10:00+00:00,160.21,160.6,159.41,160.26,44267.05,2021,9,15
2021-09-15 10:15:00+00:00,160.2,160.27,159.33,159.33,26885.67,2021,9,15
2021-09-15 10:20:00+00:00,159.33,160.0,159.12,159.62,19017.73,2021,9,15
2021-09-15 10:25:00+00:00,159.63,159.69,159.2,159.55,12235.48,2021,9,15
2021-09-15 10:30:00+00:00,159.57,161.11,159.1,160.7,45206.74,2021,9,15
2021-09-15 10:35:00+00:00,160.71,161.3,159.89,159.93,37888.63,2021,9,15
2021-09-15 10:40:00+00:00,159.96,160.42,159.73,160.18,26284.79,2021,9,15
2021-09-15 10:45:00+00:00,160.15,160.42,159.63,160.24,15094.55,2021,9,15
2021-09-15 10:50:00+00:00,160.22,160.29,159.6,159.9,24461.8,2021,9,15
2021-09-15 10:55:00+00:00,159.85,160.09,159.62,159.82,10584.22,2021,9,15
2021-09-15 11:00:00+00:00,159.83,160.1,159.63,159.79,10791.61,2021,9,15
2021-09-15 11:05:00+00:00,159.79,161.0,159.71,160.59,10974.98,2021,9,15
2021-09-15 11:10:00+00:00,160.58,160.58,158.88,158.88,23439.04,2021,9,15
2021-09-15 11:15:00+00:00,158.91,159.81,158.87,159.45,13958.65,2021,9,15
2021-09-15 11:20:00+00:00,159.45,159.5,158.24,158.39,25394.4,2021,9,15
2021-09-15 11:25:00+00:00,158.45,158.56,157.22,158.08,41795.9,2021,9,15
2021-09-15 11:30:00+00:00,158.09,158.3,156.67,156.95,42258.85,2021,9,15
2021-09-15 11:35:00+00:00,156.96,157.31,156.5,157.21,18329.27,2021,9,15
2021-09-15 11:40:00+00:00,157.21,157.31,156.77,156.93,14038.15,2021,9,15
2021-09-15 11:45:00+00:00,156.93,158.0,156.89,157.84,22277.13,2021,9,15
2021-09-15 11:50:00+00:00,157.84,157.95,157.34,157.66,10817.83,2021,9,15
2021-09-15 11:55:00+00:00,157.67,158.26,157.55,157.93,14498.24,2021,9,15
2021-09-15 12:00:00+00:00,157.96,159.0,157.66,159.0,25349.05,2021,9,15
2021-09-15 12:05:00+00:00,159.0,159.24,158.26,158.84,35601.65,2021,9,15
2021-09-15 12:10:00+00:00,158.83,159.61,158.46,158.91,26580.3,2021,9,15
2021-09-15 12:15:00+00:00,158.9,159.0,157.88,158.28,15401.15,2021,9,15
2021-09-15 12:20:00+00:00,158.29,158.63,157.8,158.54,8783.61,2021,9,15
2021-09-15 12:25:00+00:00,158.54,158.69,157.62,157.86,13189.74,2021,9,15
2021-09-15 12:30:00+00:00,157.86,158.07,157.34,157.59,10667.83,2021,9,15
2021-09-15 12:35:00+00:00,157.6,157.95,156.42,156.79,20839.49,2021,9,15
2021-09-15 12:40:00+00:00,156.71,157.03,156.02,156.8,21783.62,2021,9,15
2021-09-15 12:45:00+00:00,156.79,156.86,156.34,156.64,17781.71,2021,9,15
2021-09-15 12:50:00+00:00,156.64,156.7,156.02,156.23,15931.14,2021,9,15
2021-09-15 12:55:00+00:00,156.23,156.62,155.02,155.19,44000.37,2021,9,15
2021-09-15 13:00:00+00:00,155.25,156.7,155.25,156.57,64177.15,2021,9,15
2021-09-15 13:05:00+00:00,156.61,157.12,156.29,156.62,17390.28,2021,9,15
2021-09-15 13:10:00+00:00,156.62,157.28,156.41,157.04,19330.92,2021,9,15
2021-09-15 13:15:00+00:00,157.04,157.15,156.4,156.88,21867.86,2021,9,15
2021-09-15 13:20:00+00:00,156.88,157.38,156.57,157.28,13335.98,2021,9,15
2021-09-15 13:25:00+00:00,157.29,157.53,156.86,157.3,23347.82,2021,9,15
2021-09-15 13:30:00+00:00,157.36,157.58,156.9,157.02,21980.12,2021,9,15
2021-09-15 13:35:00+00:00,157.02,157.02,156.2,156.81,11334.26,2021,9,15
2021-09-15 13:40:00+00:00,156.85,157.0,156.16,156.42,13257.86,2021,9,15
2021-09-15 13:45:00+00:00,156.42,157.08,156.0,156.8,15432.74,2021,9,15
2021-09-15 13:50:00+00:00,156.8,157.44,156.75,157.27,18175.42,2021,9,15
2021-09-15 13:55:00+00:00,157.33,157.58,157.0,157.35,13901.19,2021,9,15
2021-09-15 14:00:00+00:00,157.36,158.91,157.31,157.82,35949.22,2021,9,15
2021-09-15 14:05:00+00:00,157.86,161.0,157.86,160.03,72155.59,2021,9,15
2021-09-15 14:10:00+00:00,160.03,160.06,159.02,159.32,33366.0,2021,9,15
2021-09-15 14:15:00+00:00,159.34,160.31,159.18,160.12,20023.6,2021,9,15
2021-09-15 14:20:00+00:00,160.12,160.29,159.91,160.17,17810.79,2021,9,15
2021-09-15 14:25:00+00:00,160.17,160.25,159.35,159.35,14987.98,2021,9,15
2021-09-15 14:30:00+00:00,159.34,159.34,157.16,157.87,58407.59,2021,9,15
2021-09-15 14:35:00+00:00,157.85,158.45,157.47,157.84,18481.07,2021,9,15
2021-09-15 14:40:00+00:00,157.86,158.39,157.0,157.61,23603.62,2021,9,15
2021-09-15 14:45:00+00:00,157.61,158.93,157.61,158.79,18027.37,2021,9,15
2021-09-15 14:50:00+00:00,158.79,158.89,158.29,158.53,7755.92,2021,9,15
2021-09-15 14:55:00+00:00,158.53,158.89,158.27,158.62,9916.09,2021,9,15
2021-09-15 15:00:00+00:00,158.62,159.33,158.12,158.97,18210.52,2021,9,15
2021-09-15 15:05:00+00:00,158.96,160.26,158.92,159.69,26074.17,2021,9,15
2021-09-15 15:10:00+00:00,159.68,160.23,159.38,159.78,21831.65,2021,9,15
2021-09-15 15:15:00+00:00,159.78,160.62,159.28,160.4,33641.91,2021,9,15
2021-09-15 15:20:00+00:00,160.39,160.5,159.39,159.71,30052.78,2021,9,15
2021-09-15 15:25:00+00:00,159.72,160.33,159.54,160.27,14221.16,2021,9,15
2021-09-15 15:30:00+00:00,160.27,161.18,159.65,160.99,29367.92,2021,9,15
2021-09-15 15:35:00+00:00,161.0,161.6,160.94,161.18,32943.24,2021,9,15
2021-09-15 15:40:00+00:00,161.19,161.43,160.71,160.82,20342.91,2021,9,15
2021-09-15 15:45:00+00:00,160.82,161.6,160.68,161.39,21095.21,2021,9,15
2021-09-15 15:50:00+00:00,161.39,162.61,161.06,162.32,38063.67,2021,9,15
2021-09-15 15:55:00+00:00,162.33,162.48,161.52,161.97,25023.33,2021,9,15
2021-09-15 16:00:00+00:00,161.96,162.2,161.0,161.24,25794.52,2021,9,15
2021-09-15 16:05:00+00:00,161.25,162.24,161.2,161.55,20760.33,2021,9,15
2021-09-15 16:10:00+00:00,161.55,163.07,161.53,162.79,34238.97,2021,9,15
2021-09-15 16:15:00+00:00,162.78,164.69,162.78,164.39,72451.79,2021,9,15
2021-09-15 16:20:00+00:00,164.45,164.78,163.53,163.89,46346.44,2021,9,15
2021-09-15 16:25:00+00:00,163.9,164.0,162.13,162.43,43613.8,2021,9,15
2021-09-15 16:30:00+00:00,162.43,163.66,162.33,162.91,18455.22,2021,9,15
2021-09-15 16:35:00+00:00,162.9,162.96,161.5,161.67,20936.78,2021,9,15
2021-09-15 16:40:00+00:00,161.67,162.58,161.51,162.48,14897.03,2021,9,15
2021-09-15 16:45:00+00:00,162.48,162.53,161.75,162.04,12259.67,2021,9,15
2021-09-15 16:50:00+00:00,162.04,162.39,161.94,161.97,10388.2,2021,9,15
2021-09-15 16:55:00+00:00,161.99,163.0,161.12,161.26,22296.8,2021,9,15
2021-09-15 17:00:00+00:00,161.26,161.79,160.53,161.71,24865.53,2021,9,15
2021-09-15 17:05:00+00:00,161.71,162.28,161.59,161.9,8558.58,2021,9,15
2021-09-15 17:10:00+00:00,161.89,162.0,161.7,161.93,9441.83,2021,9,15
2021-09-15 17:15:00+00:00,161.95,162.72,161.76,162.43,17996.04,2021,9,15
2021-09-15 17:20:00+00:00,162.42,162.48,161.9,161.97,10102.13,2021,9,15
2021-09-15 17:25:00+00:00,161.98,162.5,161.52,162.18,14933.77,2021,9,15
2021-09-15 17:30:00+00:00,162.21,162.63,161.73,161.95,8118.69,2021,9,15
2021-09-15 17:35:00+00:00,161.96,162.89,161.39,162.26,24012.21,2021,9,15
2021-09-15 17:40:00+00:00,162.25,163.0,162.0,162.94,17400.57,2021,9,15
2021-09-15 17:45:00+00:00,162.96,163.0,162.26,162.4,8696.25,2021,9,15
2021-09-15 17:50:00+00:00,162.39,162.56,161.41,161.41,16462.47,2021,9,15
2021-09-15 17:55:00+00:00,161.41,161.99,161.31,161.52,22610.04,2021,9,15
2021-09-15 18:00:00+00:00,161.51,161.77,160.73,161.32,21529.74,2021,9,15
2021-09-15 18:05:00+00:00,161.34,161.45,160.51,160.8,14924.95,2021,9,15
2021-09-15 18:10:00+00:00,160.79,160.96,160.07,160.4,20292.85,2021,9,15
2021-09-15 18:15:00+00:00,160.4,160.74,160.11,160.72,10996.54,2021,9,15
2021-09-15 18:20:00+00:00,160.71,161.21,160.56,161.13,12168.84,2021,9,15
2021-09-15 18:25:00+00:00,161.14,161.23,160.84,160.96,10447.12,2021,9,15
2021-09-15 18:30:00+00:00,160.97,161.67,160.97,161.56,7821.81,2021,9,15
2021-09-15 18:35:00+00:00,161.6,161.69,160.67,160.79,7653.58,2021,9,15
2021-09-15 18:40:00+00:00,160.79,161.2,160.64,160.83,5318.23,2021,9,15
2021-09-15 18:45:00+00:00,160.82,161.65,160.63,161.43,7771.87,2021,9,15
2021-09-15 18:50:00+00:00,161.44,161.6,161.17,161.34,8729.35,2021,9,15
2021-09-15 18:55:00+00:00,161.34,161.78,161.03,161.31,10073.02,2021,9,15
2021-09-15 19:00:00+00:00,161.35,162.5,161.07,162.14,19570.55,2021,9,15
2021-09-15 19:05:00+00:00,162.14,162.54,161.85,162.07,9878.46,2021,9,15
2021-09-15 19:10:00+00:00,162.07,162.08,161.54,161.74,6965.57,2021,9,15
2021-09-15 19:15:00+00:00,161.74,161.74,160.39,160.83,17336.31,2021,9,15
2021-09-15 19:20:00+00:00,160.84,160.9,160.36,160.54,8799.38,2021,9,15
2021-09-15 19:25:00+00:00,160.53,161.17,160.45,160.89,8896.65,2021,9,15
2021-09-15 19:30:00+00:00,160.89,161.36,160.79,160.88,8026.12,2021,9,15
2021-09-15 19:35:00+00:00,160.87,161.46,160.74,161.28,6069.69,2021,9,15
2021-09-15 19:40:00+00:00,161.28,161.98,161.28,161.98,10584.89,2021,9,15
2021-09-15 19:45:00+00:00,161.97,162.0,161.24,161.53,8205.63,2021,9,15
2021-09-15 19:50:00+00:00,161.53,161.53,160.99,161.25,5790.32,2021,9,15
2021-09-15 19:55:00+00:00,161.24,161.87,160.87,161.64,7769.81,2021,9,15
2021-09-15 20:00:00+00:00,161.63,161.82,160.84,160.86,13841.91,2021,9,15
2021-09-15 20:05:00+00:00,160.85,161.16,160.36,160.68,18787.15,2021,9,15
2021-09-15 20:10:00+00:00,160.69,160.69,159.19,159.69,41897.49,2021,9,15
2021-09-15 20:15:00+00:00,159.64,160.14,158.47,158.8,32997.43,2021,9,15
2021-09-15 20:20:00+00:00,158.78,159.09,158.47,158.93,18891.23,2021,9,15
2021-09-15 20:25:00+00:00,158.91,159.38,158.51,159.3,15071.78,2021,9,15
2021-09-15 20:30:00+00:00,159.3,159.39,158.18,158.53,11754.04,2021,9,15
2021-09-15 20:35:00+00:00,158.53,159.03,158.36,158.82,9081.22,2021,9,15
2021-09-15 20:40:00+00:00,158.81,159.05,158.63,158.85,18574.06,2021,9,15
2021-09-15 20:45:00+00:00,158.84,159.49,158.83,159.46,23712.05,2021,9,15
2021-09-15 20:50:00+00:00,159.47,159.53,157.86,158.01,20778.42,2021,9,15
2021-09-15 20:55:00+00:00,158.0,158.5,157.56,157.95,17003.54,2021,9,15
2021-09-15 21:00:00+00:00,157.92,158.47,157.79,158.24,12324.9,2021,9,15
2021-09-15 21:05:00+00:00,158.2,158.29,157.43,157.59,14209.21,2021,9,15
2021-09-15 21:10:00+00:00,157.63,157.9,157.44,157.71,7031.64,2021,9,15
2021-09-15 21:15:00+00:00,157.77,158.69,157.73,158.33,10525.24,2021,9,15
2021-09-15 21:20:00+00:00,158.35,158.47,158.21,158.38,4680.35,2021,9,15
2021-09-15 21:25:00+00:00,158.38,158.79,158.33,158.33,8047.54,2021,9,15
2021-09-15 21:30:00+00:00,158.37,158.39,157.82,157.9,7229.49,2021,9,15
2021-09-15 21:35:00+00:00,157.9,158.49,157.89,158.43,4642.63,2021,9,15
2021-09-15 21:40:00+00:00,158.43,158.87,158.42,158.43,8851.35,2021,9,15
2021-09-15 21:45:00+00:00,158.44,159.3,158.27,158.89,8271.29,2021,9,15
2021-09-15 21:50:00+00:00,158.9,159.66,158.75,158.98,7130.45,2021,9,15
2021-09-15 21:55:00+00:00,158.98,159.25,158.69,158.82,6451.82,2021,9,15
2021-09-15 22:00:00+00:00,158.81,159.4,158.63,158.83,6427.22,2021,9,15
2021-09-15 22:05:00+00:00,158.86,159.21,158.68,159.12,6045.36,2021,9,15
2021-09-15 22:10:00+00:00,159.11,159.27,158.77,158.94,15442.82,2021,9,15
2021-09-15 22:15:00+00:00,158.92,159.12,158.4,158.66,6892.11,2021,9,15
2021-09-15 22:20:00+00:00,158.66,158.66,157.82,158.13,11899.22,2021,9,15
2021-09-15 22:25:00+00:00,158.13,158.34,157.45,157.58,11080.21,2021,9,15
2021-09-15 22:30:00+00:00,157.57,157.75,156.89,157.1,22962.15,2021,9,15
2021-09-15 22:35:00+00:00,157.1,157.76,157.06,157.48,4921.82,2021,9,15
2021-09-15 22:40:00+00:00,157.47,160.82,155.77,156.42,59197.07,2021,9,15
2021-09-15 22:45:00+00:00,156.41,157.25,156.35,157.1,12835.86,2021,9,15
2021-09-15 22:50:00+00:00,157.11,157.21,156.57,156.95,13492.41,2021,9,15
2021-09-15 22:55:00+00:00,156.98,157.39,156.84,157.02,10908.44,2021,9,15
2021-09-15 23:00:00+00:00,157.05,157.48,156.9,157.33,18477.47,2021,9,15
2021-09-15 23:05:00+00:00,157.33,158.17,157.3,158.03,8746.37,2021,9,15
2021-09-15 23:10:00+00:00,158.04,158.16,157.09,157.7,13702.5,2021,9,15
2021-09-15 23:15:00+00:00,157.7,158.01,157.33,157.38,13001.67,2021,9,15
2021-09-15 23:20:00+00:00,157.37,157.5,156.75,157.25,12981.82,2021,9,15
2021-09-15 23:25:00+00:00,157.26,157.89,156.81,157.77,11302.05,2021,9,15
2021-09-15 23:30:00+00:00,157.77,159.16,157.77,158.74,17370.4,2021,9,15
2021-09-15 23:35:00+00:00,158.77,158.96,158.54,158.71,5591.52,2021,9,15
2021-09-15 23:40:00+00:00,158.71,158.82,158.21,158.21,5509.34,2021,9,15
2021-09-15 23:45:00+00:00,158.2,159.2,157.99,158.82,11902.4,2021,9,15
2021-09-15 23:50:00+00:00,158.82,159.02,158.61,158.61,4389.6,2021,9,15
2021-09-15 23:55:00+00:00,158.61,159.28,158.53,158.79,7753.66,2021,9,15
2021-09-16 00:00:00+00:00,158.77,159.64,158.71,158.92,16200.79,2021,9,16
2021-09-16 00:05:00+00:00,158.93,159.08,158.03,158.63,12176.1,2021,9,16
2021-09-16 00:10:00+00:00,158.63,158.88,157.85,158.16,11412.81,2021,9,16
2021-09-16 00:15:00+00:00,158.13,158.38,157.6,158.1,7835.09,2021,9,16
2021-09-16 00:20:00+00:00,158.1,158.28,157.37,157.9,14818.83,2021,9,16
2021-09-16 00:25:00+00:00,157.89,158.44,157.65,157.85,8223.77,2021,9,16
2021-09-16 00:30:00+00:00,157.85,158.08,156.95,157.06,16324.04,2021,9,16
2021-09-16 00:35:00+00:00,157.06,157.33,156.61,156.86,26896.95,2021,9,16
2021-09-16 00:40:00+00:00,156.86,156.86,156.0,156.28,17588.06,2021,9,16
2021-09-16 00:45:00+00:00,156.28,156.63,155.27,155.57,23899.49,2021,9,16
2021-09-16 00:50:00+00:00,155.55,155.64,154.38,154.59,39624.63,2021,9,16
2021-09-16 00:55:00+00:00,154.59,154.79,153.8,154.11,31761.93,2021,9,16
2021-09-16 01:00:00+00:00,154.14,154.88,153.08,154.72,51141.38,2021,9,16
2021-09-16 01:05:00+00:00,154.72,154.95,154.25,154.95,19511.21,2021,9,16
2021-09-16 01:10:00+00:00,154.95,155.67,154.68,155.66,12599.41,2021,9,16
2021-09-16 01:15:00+00:00,155.65,155.68,154.96,155.53,16334.78,2021,9,16
2021-09-16 01:20:00+00:00,155.53,156.09,155.53,156.05,11376.15,2021,9,16
2021-09-16 01:25:00+00:00,156.05,156.09,155.64,155.83,9907.87,2021,9,16
2021-09-16 01:30:00+00:00,155.87,155.89,154.81,154.91,8083.6,2021,9,16
2021-09-16 01:35:00+00:00,154.9,155.61,154.85,155.37,21875.23,2021,9,16
2021-09-16 01:40:00+00:00,155.41,155.58,155.3,155.39,6199.75,2021,9,16
2021-09-16 01:45:00+00:00,155.39,155.64,155.31,155.57,4750.28,2021,9,16
2021-09-16 01:50:00+00:00,155.56,156.12,155.5,155.76,9435.44,2021,9,16
2021-09-16 01:55:00+00:00,155.78,156.34,155.42,155.45,10879.65,2021,9,16
2021-09-16 02:00:00+00:00,155.44,155.95,154.83,154.89,19593.86,2021,9,16
2021-09-16 02:05:00+00:00,154.88,155.77,154.85,155.46,19658.4,2021,9,16
2021-09-16 02:10:00+00:00,155.48,155.97,155.41,155.94,12880.06,2021,9,16
2021-09-16 02:15:00+00:00,155.93,156.18,155.53,155.71,7152.77,2021,9,16
2021-09-16 02:20:00+00:00,155.71,155.8,155.3,155.32,6364.35,2021,9,16
2021-09-16 02:25:00+00:00,155.31,155.81,155.25,155.68,6440.93,2021,9,16
2021-09-16 02:30:00+00:00,155.67,155.69,154.09,154.24,17440.64,2021,9,16
2021-09-16 02:35:00+00:00,154.26,154.72,154.15,154.62,25527.18,2021,9,16
2021-09-16 02:40:00+00:00,154.62,154.7,154.36,154.46,7998.08,2021,9,16
2021-09-16 02:45:00+00:00,154.46,154.94,153.51,154.58,31781.88,2021,9,16
2021-09-16 02:50:00+00:00,154.58,155.42,154.56,155.14,7403.37,2021,9,16
2021-09-16 02:55:00+00:00,155.21,156.13,155.14,155.98,21026.19,2021,9,16
2021-09-16 03:00:00+00:00,155.96,156.09,155.28,155.63,7021.9,2021,9,16
2021-09-16 03:05:00+00:00,155.65,156.64,155.65,156.22,12357.09,2021,9,16
2021-09-16 03:10:00+00:00,156.21,156.27,155.43,155.52,12920.07,2021,9,16
2021-09-16 03:15:00+00:00,155.51,155.56,153.95,154.15,17017.3,2021,9,16
2021-09-16 03:20:00+00:00,154.17,154.69,152.33,153.03,35568.2,2021,9,16
2021-09-16 03:25:00+00:00,153.03,153.6,152.72,153.28,17353.85,2021,9,16
2021-09-16 03:30:00+00:00,153.23,154.24,153.14,153.45,13753.29,2021,9,16
2021-09-16 03:35:00+00:00,153.45,154.25,152.8,154.17,12278.0,2021,9,16
2021-09-16 03:40:00+00:00,154.19,154.8,153.96,154.5,9468.09,2021,9,16
2021-09-16 03:45:00+00:00,154.51,155.63,154.51,154.9,15970.7,2021,9,16
2021-09-16 03:50:00+00:00,154.89,155.18,154.5,154.57,7088.67,2021,9,16
2021-09-16 03:55:00+00:00,154.57,155.74,154.57,155.16,7413.68,2021,9,16
2021-09-16 04:00:00+00:00,155.13,155.74,154.81,155.33,8327.65,2021,9,16
2021-09-16 04:05:00+00:00,155.31,156.52,155.28,156.18,19813.21,2021,9,16
2021-09-16 04:10:00+00:00,156.18,156.6,155.69,156.08,14943.2,2021,9,16
2021-09-16 04:15:00+00:00,156.07,157.0,155.67,156.86,23302.69,2021,9,16
2021-09-16 04:20:00+00:00,156.79,156.85,156.04,156.54,20866.21,2021,9,16
2021-09-16 04:25:00+00:00,156.55,157.36,156.21,157.18,15329.42,2021,9,16
2021-09-16 04:30:00+00:00,157.17,157.9,156.95,157.23,32375.18,2021,9,16
2021-09-16 04:35:00+00:00,157.23,157.79,157.13,157.26,15261.5,2021,9,16
2021-09-16 04:40:00+00:00,157.27,157.56,157.08,157.43,10693.13,2021,9,16
2021-09-16 04:45:00+00:00,157.39,158.25,157.03,157.7,31639.27,2021,9,16
2021-09-16 04:50:00+00:00,157.71,157.85,157.08,157.23,11449.11,2021,9,16
2021-09-16 04:55:00+00:00,157.25,157.86,157.12,157.51,9395.26,2021,9,16
2021-09-16 05:00:00+00:00,157.44,158.0,157.27,157.67,9758.67,2021,9,16
2021-09-16 05:05:00+00:00,157.66,157.71,157.0,157.09,10366.39,2021,9,16
2021-09-16 05:10:00+00:00,157.09,157.32,156.93,157.01,8954.92,2021,9,16
2021-09-16 05:15:00+00:00,157.02,157.8,156.62,157.5,16845.54,2021,9,16
2021-09-16 05:20:00+00:00,157.51,158.27,157.19,158.1,11301.34,2021,9,16
2021-09-16 05:25:00+00:00,158.02,158.88,157.57,158.5,20433.93,2021,9,16
2021-09-16 05:30:00+00:00,158.5,159.13,158.26,158.88,11447.16,2021,9,16
2021-09-16 05:35:00+00:00,158.88,160.0,158.78,159.49,24106.87,2021,9,16
2021-09-16 05:40:00+00:00,159.49,159.98,158.99,159.13,11396.48,2021,9,16
2021-09-16 05:45:00+00:00,159.13,159.47,158.47,158.77,8823.67,2021,9,16
2021-09-16 05:50:00+00:00,158.77,159.1,158.26,158.48,13234.07,2021,9,16
2021-09-16 05:55:00+00:00,158.46,158.58,158.24,158.44,7541.62,2021,9,16
2021-09-16 06:00:00+00:00,158.43,158.87,158.31,158.69,14959.34,2021,9,16
2021-09-16 06:05:00+00:00,158.69,159.4,158.43,158.94,12407.32,2021,9,16
2021-09-16 06:10:00+00:00,158.94,158.95,158.38,158.4,5818.72,2021,9,16
2021-09-16 06:15:00+00:00,158.41,158.66,157.52,157.88,13647.07,2021,9,16
2021-09-16 06:20:00+00:00,157.87,158.77,157.84,158.52,13014.97,2021,9,16
2021-09-16 06:25:00+00:00,158.52,159.25,158.32,158.5,10626.59,2021,9,16
2021-09-16 06:30:00+00:00,158.51,158.68,158.03,158.23,6000.04,2021,9,16
2021-09-16 06:35:00+00:00,158.21,158.89,157.92,158.69,6955.92,2021,9,16
2021-09-16 06:40:00+00:00,158.69,159.0,158.36,158.91,10536.0,2021,9,16
2021-09-16 06:45:00+00:00,158.91,159.71,158.58,159.27,17542.08,2021,9,16
2021-09-16 06:50:00+00:00,159.27,159.27,158.61,158.91,7234.99,2021,9,16
2021-09-16 06:55:00+00:00,158.91,158.99,158.25,158.87,13044.46,2021,9,16
2021-09-16 07:00:00+00:00,158.88,161.36,158.71,160.75,51685.99,2021,9,16
2021-09-16 07:05:00+00:00,160.74,161.65,160.55,160.95,21317.1,2021,9,16
2021-09-16 07:10:00+00:00,160.96,162.19,160.53,162.05,42393.51,2021,9,16
2021-09-16 07:15:00+00:00,162.05,163.07,161.6,163.06,36014.52,2021,9,16
2021-09-16 07:20:00+00:00,163.04,163.09,161.85,162.25,24575.05,2021,9,16
2021-09-16 07:25:00+00:00,162.26,162.3,161.16,161.35,18918.65,2021,9,16
2021-09-16 07:30:00+00:00,161.3,161.51,160.83,161.31,14191.62,2021,9,16
2021-09-16 07:35:00+00:00,161.3,161.49,160.56,161.07,12504.49,2021,9,16
2021-09-16 07:40:00+00:00,161.08,161.71,160.86,161.34,10847.67,2021,9,16
2021-09-16 07:45:00+00:00,161.33,162.67,161.32,162.05,24681.53,2021,9,16
2021-09-16 07:50:00+00:00,162.08,162.3,161.82,162.0,9909.36,2021,9,16
2021-09-16 07:55:00+00:00,161.96,162.2,160.0,160.72,47683.13,2021,9,16
2021-09-16 08:00:00+00:00,160.72,161.0,159.84,160.38,25212.13,2021,9,16
2021-09-16 08:05:00+00:00,160.36,161.29,160.35,161.06,12299.26,2021,9,16
2021-09-16 08:10:00+00:00,161.06,161.74,160.73,161.39,11962.1,2021,9,16
2021-09-16 08:15:00+00:00,161.38,161.65,160.5,160.82,12147.11,2021,9,16
2021-09-16 08:20:00+00:00,160.78,161.0,160.0,160.09,13126.67,2021,9,16
2021-09-16 08:25:00+00:00,160.09,160.1,158.87,159.5,29888.24,2021,9,16
2021-09-16 08:30:00+00:00,159.51,159.97,158.87,159.43,22567.93,2021,9,16
2021-09-16 08:35:00+00:00,159.51,159.83,159.21,159.47,9020.8,2021,9,16
2021-09-16 08:40:00+00:00,159.47,160.0,159.44,159.86,9278.33,2021,9,16
2021-09-16 08:45:00+00:00,159.88,160.47,159.45,159.8,19461.03,2021,9,16
2021-09-16 08:50:00+00:00,159.74,160.33,159.53,159.93,9195.01,2021,9,16
2021-09-16 08:55:00+00:00,159.95,160.0,159.01,159.45,8145.14,2021,9,16
2021-09-16 09:00:00+00:00,159.4,159.48,158.87,159.1,8854.96,2021,9,16
2021-09-16 09:05:00+00:00,159.1,159.3,158.7,159.08,9156.28,2021,9,16
2021-09-16 09:10:00+00:00,159.09,163.5,159.09,160.26,67152.16,2021,9,16
2021-09-16 09:15:00+00:00,160.2,161.06,160.18,160.91,17968.62,2021,9,16
2021-09-16 09:20:00+00:00,160.9,160.98,160.1,160.33,10096.92,2021,9,16
2021-09-16 09:25:00+00:00,160.33,160.91,159.43,160.67,16014.08,2021,9,16
2021-09-16 09:30:00+00:00,160.66,161.08,160.1,161.03,12591.45,2021,9,16
2021-09-16 09:35:00+00:00,161.03,161.03,160.54,160.56,4766.42,2021,9,16
2021-09-16 09:40:00+00:00,160.61,160.74,160.15,160.36,5869.08,2021,9,16
2021-09-16 09:45:00+00:00,160.36,161.0,160.11,160.38,10210.54,2021,9,16
2021-09-16 09:50:00+00:00,160.37,160.5,159.1,159.32,12325.48,2021,9,16
2021-09-16 09:55:00+00:00,159.31,159.86,159.16,159.67,13501.43,2021,9,16
2021-09-16 10:00:00+00:00,159.66,160.37,159.11,160.29,11113.53,2021,9,16
2021-09-16 10:05:00+00:00,160.29,160.36,159.67,159.93,7459.85,2021,9,16
2021-09-16 10:10:00+00:00,159.93,159.93,159.29,159.5,5922.79,2021,9,16
2021-09-16 10:15:00+00:00,159.5,159.74,159.14,159.3,9003.79,2021,9,16
2021-09-16 10:20:00+00:00,159.31,159.65,159.03,159.41,5558.98,2021,9,16
2021-09-16 10:25:00+00:00,159.45,159.51,157.85,158.23,26794.76,2021,9,16
2021-09-16 10:30:00+00:00,158.23,158.26,157.0,157.75,25909.14,2021,9,16
2021-09-16 10:35:00+00:00,157.75,158.69,157.75,158.43,10500.7,2021,9,16
2021-09-16 10:40:00+00:00,158.43,158.97,158.08,158.3,9404.18,2021,9,16
2021-09-16 10:45:00+00:00,158.33,159.23,158.33,159.16,8978.58,2021,9,16
2021-09-16 10:50:00+00:00,159.15,159.7,159.04,159.57,11512.32,2021,9,16
2021-09-16 10:55:00+00:00,159.55,159.55,158.43,158.52,6431.85,2021,9,16
2021-09-16 11:00:00+00:00,158.51,158.99,157.91,158.72,12542.18,2021,9,16
2021-09-16 11:05:00+00:00,158.72,159.26,158.52,158.88,9054.13,2021,9,16
2021-09-16 11:10:00+00:00,158.88,159.68,158.65,159.59,7312.33,2021,9,16
2021-09-16 11:15:00+00:00,159.57,159.63,159.19,159.23,5853.48,2021,9,16
2021-09-16 11:20:00+00:00,159.25,159.95,159.09,159.84,9505.44,2021,9,16
2021-09-16 11:25:00+00:00,159.84,160.0,159.6,159.99,7487.56,2021,9,16
2021-09-16 11:30:00+00:00,159.99,159.99,159.17,159.3,5734.37,2021,9,16
2021-09-16 11:35:00+00:00,159.29,159.37,158.86,159.29,7860.12,2021,9,16
2021-09-16 11:40:00+00:00,159.29,159.79,159.24,159.65,5103.37,2021,9,16
2021-09-16 11:45:00+00:00,159.64,159.68,158.6,158.72,6343.43,2021,9,16
2021-09-16 11:50:00+00:00,158.69,159.0,158.52,158.68,5284.71,2021,9,16
2021-09-16 11:55:00+00:00,158.62,158.95,158.35,158.37,19405.64,2021,9,16
2021-09-16 12:00:00+00:00,158.39,158.43,157.73,157.88,18003.22,2021,9,16
2021-09-16 12:05:00+00:00,157.88,158.7,157.59,158.1,21932.62,2021,9,16
2021-09-16 12:10:00+00:00,158.1,158.19,156.88,157.39,34397.67,2021,9,16
2021-09-16 12:15:00+00:00,157.39,158.04,157.34,157.86,8912.03,2021,9,16
2021-09-16 12:20:00+00:00,157.86,158.45,157.81,158.3,8420.16,2021,9,16
2021-09-16 12:25:00+00:00,158.32,158.37,157.9,157.94,8640.31,2021,9,16
2021-09-16 12:30:00+00:00,157.93,159.0,157.89,158.96,16704.78,2021,9,16
2021-09-16 12:35:00+00:00,158.95,159.38,158.74,159.35,19659.75,2021,9,16
2021-09-16 12:40:00+00:00,159.34,159.37,158.71,159.0,16813.24,2021,9,16
2021-09-16 12:45:00+00:00,158.99,159.08,158.06,158.11,17539.16,2021,9,16
2021-09-16 12:50:00+00:00,158.11,158.61,157.91,158.38,15987.52,2021,9,16
2021-09-16 12:55:00+00:00,158.39,158.64,158.13,158.57,9453.44,2021,9,16
2021-09-16 13:00:00+00:00,158.55,158.62,157.87,158.16,8324.24,2021,9,16
2021-09-16 13:05:00+00:00,158.17,158.71,158.17,158.43,10439.52,2021,9,16
2021-09-16 13:10:00+00:00,158.47,158.57,158.08,158.22,9968.68,2021,9,16
2021-09-16 13:15:00+00:00,158.22,158.22,157.1,157.89,21085.19,2021,9,16
2021-09-16 13:20:00+00:00,157.89,157.99,157.5,157.5,7841.46,2021,9,16
2021-09-16 13:25:00+00:00,157.5,157.94,157.39,157.56,9095.56,2021,9,16
2021-09-16 13:30:00+00:00,157.52,157.6,156.23,156.72,34664.14,2021,9,16
2021-09-16 13:35:00+00:00,156.75,157.28,156.61,156.78,15521.95,2021,9,16
2021-09-16 13:40:00+00:00,156.77,156.78,155.65,155.69,39199.77,2021,9,16
2021-09-16 13:45:00+00:00,155.69,156.41,154.85,155.36,41903.09,2021,9,16
2021-09-16 13:50:00+00:00,155.36,155.92,154.51,154.73,35628.21,2021,9,16
2021-09-16 13:55:00+00:00,154.73,155.31,154.55,155.05,26676.92,2021,9,16
2021-09-16 14:00:00+00:00,155.05,156.33,154.44,154.51,90457.74,2021,9,16
2021-09-16 14:05:00+00:00,154.5,155.37,154.0,154.8,41258.08,2021,9,16
2021-09-16 14:10:00+00:00,154.81,155.1,153.11,153.7,67088.62,2021,9,16
2021-09-16 14:15:00+00:00,153.7,154.39,153.5,154.24,47816.28,2021,9,16
2021-09-16 14:20:00+00:00,154.24,155.15,154.2,154.76,24389.88,2021,9,16
2021-09-16 14:25:00+00:00,154.72,155.58,154.38,155.29,18778.4,2021,9,16
2021-09-16 14:30:00+00:00,155.3,156.14,155.12,155.25,18909.46,2021,9,16
2021-09-16 14:35:00+00:00,155.26,155.31,154.5,154.95,15837.19,2021,9,16
2021-09-16 14:40:00+00:00,154.97,155.75,154.86,155.19,12792.28,2021,9,16
2021-09-16 14:45:00+00:00,155.19,155.86,155.08,155.57,16328.2,2021,9,16
2021-09-16 14:50:00+00:00,155.56,155.57,154.5,154.52,13227.0,2021,9,16
2021-09-16 14:55:00+00:00,154.53,154.89,154.28,154.39,14244.71,2021,9,16
2021-09-16 15:00:00+00:00,154.39,154.65,153.63,153.72,18912.55,2021,9,16
2021-09-16 15:05:00+00:00,153.71,154.31,153.44,154.23,17589.45,2021,9,16
2021-09-16 15:10:00+00:00,154.19,155.0,154.13,154.41,14113.35,2021,9,16
2021-09-16 15:15:00+00:00,154.4,155.09,154.33,154.81,10036.49,2021,9,16
2021-09-16 15:20:00+00:00,154.8,155.66,154.75,155.53,13352.16,2021,9,16
2021-09-16 15:25:00+00:00,155.55,156.7,155.4,156.06,31170.75,2021,9,16
2021-09-16 15:30:00+00:00,156.06,156.66,155.55,155.68,22044.85,2021,9,16
2021-09-16 15:35:00+00:00,155.67,155.92,155.17,155.17,9310.42,2021,9,16
2021-09-16 15:40:00+00:00,155.16,155.64,154.96,155.25,19388.25,2021,9,16
2021-09-16 15:45:00+00:00,155.26,155.7,155.01,155.37,7402.92,2021,9,16
2021-09-16 15:50:00+00:00,155.38,155.81,155.1,155.64,10668.73,2021,9,16
2021-09-16 15:55:00+00:00,155.64,155.88,154.34,154.8,30026.24,2021,9,16
2021-09-16 16:00:00+00:00,154.8,155.53,154.5,155.49,15841.25,2021,9,16
2021-09-16 16:05:00+00:00,155.48,155.78,155.32,155.49,10457.42,2021,9,16
2021-09-16 16:10:00+00:00,155.5,155.84,155.35,155.66,12491.96,2021,9,16
2021-09-16 16:15:00+00:00,155.65,156.44,155.4,156.27,13341.24,2021,9,16
2021-09-16 16:20:00+00:00,156.27,156.71,155.71,155.93,11720.99,2021,9,16
2021-09-16 16:25:00+00:00,155.92,155.99,155.2,155.74,11451.89,2021,9,16
2021-09-16 16:30:00+00:00,155.69,156.1,155.39,155.82,10510.32,2021,9,16
2021-09-16 16:35:00+00:00,155.83,156.29,155.45,155.74,11862.84,2021,9,16
2021-09-16 16:40:00+00:00,155.8,156.06,155.52,155.85,11213.68,2021,9,16
2021-09-16 16:45:00+00:00,155.87,156.43,155.54,155.63,14446.04,2021,9,16
2021-09-16 16:50:00+00:00,155.61,159.5,155.55,156.53,44213.66,2021,9,16
2021-09-16 16:55:00+00:00,156.57,158.94,156.5,157.92,33508.15,2021,9,16
2021-09-16 17:00:00+00:00,157.93,159.59,157.88,158.2,34206.79,2021,9,16
2021-09-16 17:05:00+00:00,158.17,158.3,156.9,157.35,18304.66,2021,9,16
2021-09-16 17:10:00+00:00,157.34,157.8,157.07,157.39,11149.97,2021,9,16
2021-09-16 17:15:00+00:00,157.39,157.4,156.53,156.73,9252.21,2021,9,16
2021-09-16 17:20:00+00:00,156.74,157.2,156.5,157.04,10407.12,2021,9,16
2021-09-16 17:25:00+00:00,157.04,157.29,156.65,156.82,7740.92,2021,9,16
2021-09-16 17:30:00+00:00,156.82,157.17,155.87,156.0,17862.68,2021,9,16
2021-09-16 17:35:00+00:00,155.95,156.13,155.11,155.97,23545.06,2021,9,16
2021-09-16 17:40:00+00:00,155.97,156.1,155.3,155.61,10451.2,2021,9,16
2021-09-16 17:45:00+00:00,155.61,155.99,155.3,155.44,9871.87,2021,9,16
2021-09-16 17:50:00+00:00,155.41,155.5,154.55,155.2,17375.31,2021,9,16
2021-09-16 17:55:00+00:00,155.19,155.72,153.63,154.06,35536.95,2021,9,16
2021-09-16 18:00:00+00:00,154.04,155.32,153.87,154.85,23309.77,2021,9,16
2021-09-16 18:05:00+00:00,154.84,155.11,153.7,154.32,22898.88,2021,9,16
2021-09-16 18:10:00+00:00,154.33,154.34,152.5,153.01,53939.85,2021,9,16
2021-09-16 18:15:00+00:00,153.05,153.29,150.63,151.81,78145.7,2021,9,16
2021-09-16 18:20:00+00:00,151.82,153.58,151.76,153.3,27475.02,2021,9,16
2021-09-16 18:25:00+00:00,153.3,153.41,152.56,152.89,14131.54,2021,9,16
2021-09-16 18:30:00+00:00,152.89,153.45,152.66,153.31,15236.87,2021,9,16
2021-09-16 18:35:00+00:00,153.31,153.82,152.9,153.13,15617.46,2021,9,16
2021-09-16 18:40:00+00:00,153.12,154.05,152.95,153.96,12361.63,2021,9,16
2021-09-16 18:45:00+00:00,153.93,154.0,153.31,153.48,11282.82,2021,9,16
2021-09-16 18:50:00+00:00,153.48,153.84,153.29,153.57,5920.56,2021,9,16
2021-09-16 18:55:00+00:00,153.57,154.42,153.4,154.34,11071.34,2021,9,16
2021-09-16 19:00:00+00:00,154.35,154.58,153.59,154.1,11250.06,2021,9,16
2021-09-16 19:05:00+00:00,154.1,154.2,153.66,153.87,20327.31,2021,9,16
2021-09-16 19:10:00+00:00,153.87,154.05,153.56,153.95,9220.01,2021,9,16
2021-09-16 19:15:00+00:00,153.96,154.08,153.66,153.68,6090.23,2021,9,16
2021-09-16 19:20:00+00:00,153.68,153.95,153.36,153.59,16171.13,2021,9,16
2021-09-16 19:25:00+00:00,153.6,154.0,153.51,153.84,6704.43,2021,9,16
2021-09-16 19:30:00+00:00,153.84,154.19,153.69,153.82,8917.36,2021,9,16
2021-09-16 19:35:00+00:00,153.84,154.04,153.6,153.88,4423.17,2021,9,16
2021-09-16 19:40:00+00:00,153.87,154.26,153.71,153.78,15009.83,2021,9,16
2021-09-16 19:45:00+00:00,153.79,154.2,153.6,153.76,5199.1,2021,9,16
2021-09-16 19:50:00+00:00,153.76,153.97,153.35,153.42,8358.17,2021,9,16
2021-09-16 19:55:00+00:00,153.42,153.44,152.13,152.28,15930.23,2021,9,16
2021-09-16 20:00:00+00:00,152.3,152.89,151.39,152.49,19257.34,2021,9,16
2021-09-16 20:05:00+00:00,152.48,152.62,151.93,152.11,9703.42,2021,9,16
2021-09-16 20:10:00+00:00,152.09,152.32,151.57,151.84,13296.79,2021,9,16
2021-09-16 20:15:00+00:00,151.84,152.34,151.2,152.26,20937.02,2021,9,16
2021-09-16 20:20:00+00:00,152.25,152.39,151.08,151.21,16891.0,2021,9,16
2021-09-16 20:25:00+00:00,151.22,151.24,149.07,149.93,83725.57,2021,9,16
2021-09-16 20:30:00+00:00,149.94,151.14,149.49,150.22,28417.62,2021,9,16
2021-09-16 20:35:00+00:00,150.21,150.58,149.51,149.83,19287.53,2021,9,16
2021-09-16 20:40:00+00:00,149.87,150.22,149.63,150.16,12616.71,2021,9,16
2021-09-16 20:45:00+00:00,150.16,150.3,149.02,149.06,21373.65,2021,9,16
2021-09-16 20:50:00+00:00,149.07,149.14,147.4,148.43,61716.06,2021,9,16
2021-09-16 20:55:00+00:00,148.38,148.99,147.35,148.19,22392.5,2021,9,16
2021-09-16 21:00:00+00:00,148.19,149.95,147.59,149.62,25008.62,2021,9,16
2021-09-16 21:05:00+00:00,149.68,149.98,148.54,148.56,14120.48,2021,9,16
2021-09-16 21:10:00+00:00,148.56,149.24,148.25,148.73,9328.09,2021,9,16
2021-09-16 21:15:00+00:00,148.73,150.1,148.65,149.56,17408.17,2021,9,16
2021-09-16 21:20:00+00:00,149.57,150.38,149.37,150.2,14163.36,2021,9,16
2021-09-16 21:25:00+00:00,150.19,150.43,149.71,150.11,8334.28,2021,9,16
2021-09-16 21:30:00+00:00,150.15,150.57,150.07,150.18,9088.7,2021,9,16
2021-09-16 21:35:00+00:00,150.22,151.05,149.71,150.9,11994.23,2021,9,16
2021-09-16 21:40:00+00:00,150.95,151.49,150.9,151.23,9186.11,2021,9,16
2021-09-16 21:45:00+00:00,151.22,151.25,150.37,150.77,8359.82,2021,9,16
2021-09-16 21:50:00+00:00,150.75,151.19,150.65,151.08,6240.09,2021,9,16
2021-09-16 21:55:00+00:00,151.05,151.61,150.91,151.43,6669.04,2021,9,16
2021-09-16 22:00:00+00:00,151.43,151.66,150.98,151.21,9230.3,2021,9,16
2021-09-16 22:05:00+00:00,151.19,151.36,150.6,150.98,8049.39,2021,9,16
2021-09-16 22:10:00+00:00,150.99,151.11,150.28,150.54,7088.77,2021,9,16
2021-09-16 22:15:00+00:00,150.55,150.95,150.4,150.91,9350.64,2021,9,16
2021-09-16 22:20:00+00:00,150.91,150.93,150.57,150.66,7233.77,2021,9,16
2021-09-16 22:25:00+00:00,150.65,150.82,149.78,149.91,9271.03,2021,9,16
2021-09-16 22:30:00+00:00,149.9,150.8,149.86,150.71,6329.2,2021,9,16
2021-09-16 22:35:00+00:00,150.71,151.13,150.6,150.79,5122.86,2021,9,16
2021-09-16 22:40:00+00:00,150.78,150.88,150.32,150.4,4124.94,2021,9,16
2021-09-16 22:45:00+00:00,150.42,151.0,150.33,150.7,5394.02,2021,9,16
2021-09-16 22:50:00+00:00,150.71,151.49,150.53,151.26,7551.5,2021,9,16
2021-09-16 22:55:00+00:00,151.26,151.28,150.7,150.7,7109.37,2021,9,16
2021-09-16 23:00:00+00:00,150.73,150.76,150.23,150.5,9101.59,2021,9,16
2021-09-16 23:05:00+00:00,150.55,151.31,150.41,150.78,14209.99,2021,9,16
2021-09-16 23:10:00+00:00,150.75,151.24,150.61,151.05,12291.94,2021,9,16
2021-09-16 23:15:00+00:00,151.03,151.1,150.82,150.99,4630.27,2021,9,16
2021-09-16 23:20:00+00:00,150.99,152.49,150.99,152.14,21728.89,2021,9,16
2021-09-16 23:25:00+00:00,152.15,152.21,151.35,151.41,4590.13,2021,9,16
2021-09-16 23:30:00+00:00,151.42,152.1,151.23,152.07,7120.5,2021,9,16
2021-09-16 23:35:00+00:00,152.05,152.15,151.56,151.63,6095.99,2021,9,16
2021-09-16 23:40:00+00:00,151.63,151.99,151.44,151.57,8539.23,2021,9,16
2021-09-16 23:45:00+00:00,151.54,152.5,151.44,152.27,13247.99,2021,9,16
2021-09-16 23:50:00+00:00,152.24,152.34,151.94,152.14,6712.16,2021,9,16
2021-09-16 23:55:00+00:00,152.14,152.66,152.0,152.29,22900.98,2021,9,16
2021-09-17 00:00:00+00:00,152.3,152.83,151.81,151.83,21458.09,2021,9,17
2021-09-17 00:05:00+00:00,151.82,152.41,151.38,151.78,12970.94,2021,9,17
2021-09-17 00:10:00+00:00,151.78,152.68,151.73,152.62,9773.43,2021,9,17
2021-09-17 00:15:00+00:00,152.59,153.55,152.5,152.89,21393.62,2021,9,17
2021-09-17 00:20:00+00:00,152.91,153.08,152.4,152.78,9938.0,2021,9,17
2021-09-17 00:25:00+00:00,152.77,152.79,151.88,151.9,8849.69,2021,9,17
2021-09-17 00:30:00+00:00,151.9,152.09,150.87,151.07,28176.82,2021,9,17
2021-09-17 00:35:00+00:00,151.09,151.34,150.31,150.32,12883.79,2021,9,17
2021-09-17 00:40:00+00:00,150.32,150.38,149.13,150.06,31649.15,2021,9,17
2021-09-17 00:45:00+00:00,150.07,150.53,149.61,149.7,12457.59,2021,9,17
2021-09-17 00:50:00+00:00,149.7,149.95,149.39,149.59,13347.05,2021,9,17
2021-09-17 00:55:00+00:00,149.6,149.91,148.4,148.8,21262.53,2021,9,17
2021-09-17 01:00:00+00:00,148.75,148.98,148.23,148.91,11489.19,2021,9,17
2021-09-17 01:05:00+00:00,148.9,149.33,148.59,148.69,9661.87,2021,9,17
2021-09-17 01:10:00+00:00,148.66,149.82,148.54,149.58,12663.06,2021,9,17
2021-09-17 01:15:00+00:00,149.57,150.43,149.57,150.4,13120.56,2021,9,17
2021-09-17 01:20:00+00:00,150.41,151.49,149.91,151.32,31471.95,2021,9,17
2021-09-17 01:25:00+00:00,151.33,151.65,150.99,150.99,8837.16,2021,9,17
2021-09-17 01:30:00+00:00,151.0,152.1,150.98,151.35,13320.65,2021,9,17
2021-09-17 01:35:00+00:00,151.36,151.8,150.97,151.52,7524.29,2021,9,17
2021-09-17 01:40:00+00:00,151.52,151.57,150.9,151.11,5306.65,2021,9,17
2021-09-17 01:45:00+00:00,151.08,151.23,150.81,150.94,5939.84,2021,9,17
2021-09-17 01:50:00+00:00,150.96,151.31,150.82,151.17,9894.06,2021,9,17
2021-09-17 01:55:00+00:00,151.18,151.56,150.83,151.49,8596.34,2021,9,17
2021-09-17 02:00:00+00:00,151.48,151.8,150.0,150.51,16048.1,2021,9,17
2021-09-17 02:05:00+00:00,150.52,151.05,150.35,150.74,8705.79,2021,9,17
2021-09-17 02:10:00+00:00,150.74,150.85,150.42,150.71,6642.58,2021,9,17
2021-09-17 02:15:00+00:00,150.7,150.74,149.92,150.01,8939.7,2021,9,17
2021-09-17 02:20:00+00:00,150.04,150.23,149.12,149.18,13478.64,2021,9,17
2021-09-17 02:25:00+00:00,149.21,149.57,148.66,148.75,15414.15,2021,9,17
2021-09-17 02:30:00+00:00,148.71,148.97,148.0,148.3,17907.82,2021,9,17
2021-09-17 02:35:00+00:00,148.29,148.51,148.02,148.07,8840.11,2021,9,17
2021-09-17 02:40:00+00:00,148.07,148.79,148.02,148.68,11438.46,2021,9,17
2021-09-17 02:45:00+00:00,148.67,148.9,148.18,148.22,14154.57,2021,9,17
2021-09-17 02:50:00+00:00,148.22,148.38,146.16,146.43,52696.11,2021,9,17
2021-09-17 02:55:00+00:00,146.43,146.87,146.3,146.63,22389.37,2021,9,17
2021-09-17 03:00:00+00:00,146.63,147.43,146.38,147.15,22238.97,2021,9,17
2021-09-17 03:05:00+00:00,147.15,147.32,146.63,146.8,14069.86,2021,9,17
2021-09-17 03:10:00+00:00,146.79,147.86,146.42,147.47,18417.58,2021,9,17
2021-09-17 03:15:00+00:00,147.47,147.92,146.92,147.86,17101.31,2021,9,17
2021-09-17 03:20:00+00:00,147.86,148.45,147.54,148.35,16609.62,2021,9,17
2021-09-17 03:25:00+00:00,148.36,148.65,148.0,148.09,15945.98,2021,9,17
2021-09-17 03:30:00+00:00,148.11,148.17,147.37,147.53,14242.56,2021,9,17
2021-09-17 03:35:00+00:00,147.51,148.25,147.19,148.21,13880.56,2021,9,17
2021-09-17 03:40:00+00:00,148.17,148.37,147.69,148.15,11367.44,2021,9,17
2021-09-17 03:45:00+00:00,148.13,148.64,147.57,148.56,9537.24,2021,9,17
2021-09-17 03:50:00+00:00,148.53,148.58,147.94,148.11,10381.53,2021,9,17
2021-09-17 03:55:00+00:00,148.14,148.71,148.03,148.64,9202.27,2021,9,17
2021-09-17 04:00:00+00:00,148.65,148.95,148.01,148.1,10458.25,2021,9,17
2021-09-17 04:05:00+00:00,148.1,148.23,147.57,148.23,11961.89,2021,9,17
2021-09-17 04:10:00+00:00,148.23,148.26,147.69,147.82,7823.62,2021,9,17
2021-09-17 04:15:00+00:00,147.82,147.93,146.35,146.4,36839.04,2021,9,17
2021-09-17 04:20:00+00:00,146.39,147.45,146.0,147.16,34945.59,2021,9,17
2021-09-17 04:25:00+00:00,147.17,147.6,146.89,147.47,12056.85,2021,9,17
2021-09-17 04:30:00+00:00,147.45,147.79,146.89,147.05,14381.5,2021,9,17
2021-09-17 04:35:00+00:00,147.05,149.48,147.05,149.12,31806.94,2021,9,17
2021-09-17 04:40:00+00:00,149.12,149.26,148.68,148.68,21947.78,2021,9,17
2021-09-17 04:45:00+00:00,148.68,148.95,148.35,148.57,12331.18,2021,9,17
2021-09-17 04:50:00+00:00,148.57,149.26,148.31,149.26,10996.39,2021,9,17
2021-09-17 04:55:00+00:00,149.21,149.6,149.06,149.23,16417.41,2021,9,17
2021-09-17 05:00:00+00:00,149.23,150.36,149.14,149.73,30185.23,2021,9,17
2021-09-17 05:05:00+00:00,149.75,150.25,149.3,150.06,18046.55,2021,9,17
2021-09-17 05:10:00+00:00,150.07,150.13,149.1,149.14,10143.54,2021,9,17
2021-09-17 05:15:00+00:00,149.14,149.68,148.9,149.38,8637.11,2021,9,17
2021-09-17 05:20:00+00:00,149.37,149.74,148.64,148.73,10147.83,2021,9,17
2021-09-17 05:25:00+00:00,148.74,149.22,148.2,148.91,9352.95,2021,9,17
2021-09-17 05:30:00+00:00,148.89,149.38,148.72,148.86,6723.48,2021,9,17
2021-09-17 05:35:00+00:00,148.85,149.29,148.8,148.89,6308.53,2021,9,17
2021-09-17 05:40:00+00:00,148.9,149.35,148.5,148.84,10519.74,2021,9,17
2021-09-17 05:45:00+00:00,148.83,148.83,148.28,148.51,8921.21,2021,9,17
2021-09-17 05:50:00+00:00,148.52,149.21,148.46,149.11,10158.47,2021,9,17
2021-09-17 05:55:00+00:00,149.12,149.87,149.09,149.38,14534.98,2021,9,17
2021-09-17 06:00:00+00:00,149.38,149.52,148.63,148.89,7363.35,2021,9,17
2021-09-17 06:05:00+00:00,148.89,149.24,148.1,148.1,18515.42,2021,9,17
2021-09-17 06:10:00+00:00,148.1,148.29,147.68,147.97,10119.54,2021,9,17
2021-09-17 06:15:00+00:00,147.98,148.09,147.1,147.16,16422.85,2021,9,17
2021-09-17 06:20:00+00:00,147.17,147.5,146.96,147.11,22209.95,2021,9,17
2021-09-17 06:25:00+00:00,147.09,147.65,146.49,147.5,23734.36,2021,9,17
2021-09-17 06:30:00+00:00,147.5,148.23,147.37,147.75,16145.73,2021,9,17
2021-09-17 06:35:00+00:00,147.77,147.91,147.01,147.11,13985.97,2021,9,17
2021-09-17 06:40:00+00:00,147.11,147.24,146.44,146.9,16478.08,2021,9,17
2021-09-17 06:45:00+00:00,146.89,147.53,146.67,146.81,17655.08,2021,9,17
2021-09-17 06:50:00+00:00,146.8,146.94,146.16,146.62,19540.22,2021,9,17
2021-09-17 06:55:00+00:00,146.62,147.1,146.36,146.67,26338.89,2021,9,17
2021-09-17 07:00:00+00:00,146.66,147.09,146.56,146.69,25496.12,2021,9,17
2021-09-17 07:05:00+00:00,146.69,146.71,145.17,145.77,49298.05,2021,9,17
2021-09-17 07:10:00+00:00,145.79,146.35,145.72,146.09,18591.74,2021,9,17
2021-09-17 07:15:00+00:00,146.1,146.5,145.76,145.77,19153.83,2021,9,17
2021-09-17 07:20:00+00:00,145.77,146.7,145.76,146.13,17877.53,2021,9,17
2021-09-17 07:25:00+00:00,146.12,146.44,145.77,145.99,17277.8,2021,9,17
2021-09-17 07:30:00+00:00,146.0,147.04,146.0,146.17,18241.96,2021,9,17
2021-09-17 07:35:00+00:00,146.15,146.28,145.7,145.89,17533.51,2021,9,17
2021-09-17 07:40:00+00:00,145.9,146.35,145.5,145.92,15268.13,2021,9,17
2021-09-17 07:45:00+00:00,145.92,146.36,145.19,145.29,14921.3,2021,9,17
2021-09-17 07:50:00+00:00,145.29,145.37,144.1,144.55,53975.1,2021,9,17
2021-09-17 07:55:00+00:00,144.54,144.71,143.0,143.48,64628.43,2021,9,17
2021-09-17 08:00:00+00:00,143.48,144.43,142.5,143.95,75287.17,2021,9,17
2021-09-17 08:05:00+00:00,143.98,145.12,143.73,144.97,23716.95,2021,9,17
2021-09-17 08:10:00+00:00,144.96,145.14,144.6,145.04,13976.98,2021,9,17
2021-09-17 08:15:00+00:00,145.03,145.54,144.56,144.6,27501.8,2021,9,17
2021-09-17 08:20:00+00:00,144.59,145.1,144.26,144.96,24612.33,2021,9,17
2021-09-17 08:25:00+00:00,144.96,145.32,144.58,144.7,11053.85,2021,9,17
2021-09-17 08:30:00+00:00,144.69,145.1,144.41,144.78,15476.08,2021,9,17
2021-09-17 08:35:00+00:00,144.78,145.62,144.67,145.36,17147.75,2021,9,17
2021-09-17 08:40:00+00:00,145.36,145.6,143.81,143.86,17459.26,2021,9,17
2021-09-17 08:45:00+00:00,143.86,144.67,143.86,144.16,19506.31,2021,9,17
2021-09-17 08:50:00+00:00,144.16,144.6,143.0,143.34,32852.78,2021,9,17
2021-09-17 08:55:00+00:00,143.34,144.15,143.24,143.66,18219.37,2021,9,17
2021-09-17 09:00:00+00:00,143.65,144.35,143.58,143.66,20741.74,2021,9,17
2021-09-17 09:05:00+00:00,143.65,143.73,142.22,142.71,45772.65,2021,9,17
2021-09-17 09:10:00+00:00,142.73,142.94,140.82,141.29,109849.18,2021,9,17
2021-09-17 09:15:00+00:00,141.28,142.1,140.31,141.49,51701.89,2021,9,17
2021-09-17 09:20:00+00:00,141.46,141.67,140.0,140.24,69023.34,2021,9,17
2021-09-17 09:25:00+00:00,140.26,141.08,140.1,140.76,37292.45,2021,9,17
2021-09-17 09:30:00+00:00,140.73,140.98,138.11,138.16,119787.79,2021,9,17
2021-09-17 09:35:00+00:00,138.18,140.0,138.02,139.21,50993.59,2021,9,17
2021-09-17 09:40:00+00:00,139.18,139.24,137.22,138.74,117875.05,2021,9,17
2021-09-17 09:45:00+00:00,138.75,140.34,138.36,140.04,91492.22,2021,9,17
2021-09-17 09:50:00+00:00,140.06,140.23,139.26,139.41,31454.91,2021,9,17
2021-09-17 09:55:00+00:00,139.41,139.75,139.0,139.04,26667.08,2021,9,17
2021-09-17 10:00:00+00:00,139.07,139.39,137.51,138.78,77911.36,2021,9,17
2021-09-17 10:05:00+00:00,138.79,139.71,138.64,139.24,44031.34,2021,9,17
2021-09-17 10:10:00+00:00,139.23,139.33,136.32,136.82,77560.4,2021,9,17
2021-09-17 10:15:00+00:00,136.78,138.22,136.44,137.38,70047.68,2021,9,17
2021-09-17 10:20:00+00:00,137.38,137.51,135.88,136.91,68196.17,2021,9,17
2021-09-17 10:25:00+00:00,136.92,137.67,136.16,137.28,59312.22,2021,9,17
2021-09-17 10:30:00+00:00,137.29,138.6,136.92,137.27,41417.19,2021,9,17
2021-09-17 10:35:00+00:00,137.27,137.56,136.23,136.46,47844.65,2021,9,17
2021-09-17 10:40:00+00:00,136.45,136.5,135.62,136.37,99195.99,2021,9,17
2021-09-17 10:45:00+00:00,136.4,137.0,134.0,135.34,151212.82,2021,9,17
2021-09-17 10:50:00+00:00,135.35,136.24,134.85,136.0,73584.45,2021,9,17
2021-09-17 10:55:00+00:00,136.01,137.65,135.97,137.41,72403.83,2021,9,17
2021-09-17 11:00:00+00:00,137.4,138.33,136.79,138.29,55860.77,2021,9,17
2021-09-17 11:05:00+00:00,138.29,139.28,138.16,138.81,68767.45,2021,9,17
2021-09-17 11:10:00+00:00,138.8,140.0,138.58,138.99,75856.81,2021,9,17
2021-09-17 11:15:00+00:00,139.0,139.84,138.43,139.0,40040.39,2021,9,17
2021-09-17 11:20:00+00:00,139.01,139.74,138.7,139.21,42739.68,2021,9,17
2021-09-17 11:25:00+00:00,139.19,139.4,138.68,138.97,24988.64,2021,9,17
2021-09-17 11:30:00+00:00,138.97,139.04,137.41,137.91,33354.8,2021,9,17
2021-09-17 11:35:00+00:00,137.91,137.98,137.0,137.03,27278.91,2021,9,17
2021-09-17 11:40:00+00:00,137.05,137.75,136.92,137.69,18668.85,2021,9,17
2021-09-17 11:45:00+00:00,137.69,137.76,136.1,137.42,48723.98,2021,9,17
2021-09-17 11:50:00+00:00,137.43,139.44,137.3,139.3,47036.96,2021,9,17
2021-09-17 11:55:00+00:00,139.28,139.85,138.69,138.85,32419.0,2021,9,17
2021-09-17 12:00:00+00:00,138.84,139.04,138.15,138.37,25869.41,2021,9,17
2021-09-17 12:05:00+00:00,138.37,138.37,137.05,137.95,27120.99,2021,9,17
2021-09-17 12:10:00+00:00,137.97,140.75,137.79,140.18,91928.68,2021,9,17
2021-09-17 12:15:00+00:00,140.18,140.49,139.51,140.08,24473.66,2021,9,17
2021-09-17 12:20:00+00:00,140.03,140.46,139.64,139.82,34365.36,2021,9,17
2021-09-17 12:25:00+00:00,139.87,141.27,139.68,140.84,40062.31,2021,9,17
2021-09-17 12:30:00+00:00,140.85,141.88,140.46,141.82,58446.05,2021,9,17
2021-09-17 12:35:00+00:00,141.82,141.87,140.53,140.55,42300.22,2021,9,17
2021-09-17 12:40:00+00:00,140.56,141.31,140.0,140.93,51966.16,2021,9,17
2021-09-17 12:45:00+00:00,140.93,140.98,140.24,140.41,32140.27,2021,9,17
2021-09-17 12:50:00+00:00,140.41,140.41,138.56,138.84,41354.11,2021,9,17
2021-09-17 12:55:00+00:00,138.82,140.17,138.66,139.93,33164.62,2021,9,17
2021-09-17 13:00:00+00:00,139.94,140.25,138.44,139.2,26695.9,2021,9,17
2021-09-17 13:05:00+00:00,139.21,139.24,138.35,138.73,17006.35,2021,9,17
2021-09-17 13:10:00+00:00,138.72,138.83,138.14,138.82,15157.47,2021,9,17
2021-09-17 13:15:00+00:00,138.81,138.96,137.53,137.63,20817.93,2021,9,17
2021-09-17 13:20:00+00:00,137.62,138.34,137.42,138.25,20000.9,2021,9,17
2021-09-17 13:25:00+00:00,138.26,138.82,137.72,137.83,17018.07,2021,9,17
2021-09-17 13:30:00+00:00,137.83,139.73,137.58,139.28,27720.77,2021,9,17
2021-09-17 13:35:00+00:00,139.27,139.43,138.68,139.12,12377.93,2021,9,17
2021-09-17 13:40:00+00:00,139.14,139.24,138.57,138.93,14414.96,2021,9,17
2021-09-17 13:45:00+00:00,138.93,139.64,138.93,139.19,17434.7,2021,9,17
2021-09-17 13:50:00+00:00,139.17,140.0,139.07,139.79,21486.06,2021,9,17
2021-09-17 13:55:00+00:00,139.78,139.78,138.65,138.89,12838.54,2021,9,17
2021-09-17 14:00:00+00:00,138.91,139.79,138.51,139.5,14911.9,2021,9,17
2021-09-17 14:05:00+00:00,139.53,139.8,139.06,139.17,10589.01,2021,9,17
2021-09-17 14:10:00+00:00,139.17,140.12,139.15,140.02,18228.61,2021,9,17
2021-09-17 14:15:00+00:00,140.02,140.73,139.79,140.73,21998.11,2021,9,17
2021-09-17 14:20:00+00:00,140.7,141.15,140.48,140.67,28934.67,2021,9,17
2021-09-17 14:25:00+00:00,140.65,140.69,139.67,140.0,18643.56,2021,9,17
2021-09-17 14:30:00+00:00,140.0,140.28,139.72,140.04,12691.74,2021,9,17
2021-09-17 14:35:00+00:00,140.04,140.32,139.5,140.24,17172.61,2021,9,17
2021-09-17 14:40:00+00:00,140.26,140.85,139.74,140.67,18902.99,2021,9,17
2021-09-17 14:45:00+00:00,140.67,140.91,140.22,140.4,14780.23,2021,9,17
2021-09-17 14:50:00+00:00,140.43,141.0,139.97,140.85,12934.37,2021,9,17
2021-09-17 14:55:00+00:00,140.85,141.79,140.73,141.27,25657.78,2021,9,17
2021-09-17 15:00:00+00:00,141.27,141.81,140.49,140.8,23517.81,2021,9,17
2021-09-17 15:05:00+00:00,140.78,141.89,140.76,141.55,27465.98,2021,9,17
2021-09-17 15:10:00+00:00,141.55,142.15,141.35,141.97,29513.52,2021,9,17
2021-09-17 15:15:00+00:00,141.94,143.25,141.93,143.15,61044.19,2021,9,17
2021-09-17 15:20:00+00:00,143.17,143.95,143.07,143.9,70206.19,2021,9,17
2021-09-17 15:25:00+00:00,143.92,143.98,143.0,143.46,45436.96,2021,9,17
2021-09-17 15:30:00+00:00,143.46,145.0,143.39,144.82,91683.11,2021,9,17
2021-09-17 15:35:00+00:00,144.82,145.48,143.43,144.23,92177.89,2021,9,17
2021-09-17 15:40:00+00:00,144.23,145.81,143.8,145.36,73602.69,2021,9,17
2021-09-17 15:45:00+00:00,145.37,146.4,144.81,144.95,83990.31,2021,9,17
2021-09-17 15:50:00+00:00,144.95,145.9,144.83,144.87,35697.27,2021,9,17
2021-09-17 15:55:00+00:00,144.87,144.88,143.97,144.65,36489.47,2021,9,17
2021-09-17 16:00:00+00:00,144.62,144.63,142.64,143.6,64589.76,2021,9,17
2021-09-17 16:05:00+00:00,143.6,143.79,143.0,143.04,38970.45,2021,9,17
2021-09-17 16:10:00+00:00,143.02,143.81,142.65,143.69,27287.4,2021,9,17
2021-09-17 16:15:00+00:00,143.68,144.4,142.93,144.27,25813.39,2021,9,17
2021-09-17 16:20:00+00:00,144.27,144.76,143.71,144.72,18373.52,2021,9,17
2021-09-17 16:25:00+00:00,144.72,145.64,144.42,144.92,28358.26,2021,9,17
2021-09-17 16:30:00+00:00,144.9,145.41,144.49,144.74,19867.11,2021,9,17
2021-09-17 16:35:00+00:00,144.73,145.87,144.62,145.14,29669.92,2021,9,17
2021-09-17 16:40:00+00:00,145.15,145.78,144.61,144.73,22787.47,2021,9,17
2021-09-17 16:45:00+00:00,144.73,144.74,143.59,143.85,16307.29,2021,9,17
2021-09-17 16:50:00+00:00,143.87,145.16,143.51,144.69,15636.23,2021,9,17
2021-09-17 16:55:00+00:00,144.73,145.09,144.39,144.61,17979.94,2021,9,17
2021-09-17 17:00:00+00:00,144.63,145.0,144.12,144.17,11506.59,2021,9,17
2021-09-17 17:05:00+00:00,144.15,144.88,144.0,144.72,14355.58,2021,9,17
2021-09-17 17:10:00+00:00,144.73,144.77,143.32,143.45,16393.44,2021,9,17
2021-09-17 17:15:00+00:00,143.45,143.7,142.22,143.06,25007.06,2021,9,17
2021-09-17 17:20:00+00:00,143.05,143.17,142.7,143.07,12010.65,2021,9,17
2021-09-17 17:25:00+00:00,143.07,143.07,142.18,142.5,18159.22,2021,9,17
2021-09-17 17:30:00+00:00,142.49,143.12,142.34,142.85,15110.18,2021,9,17
2021-09-17 17:35:00+00:00,142.8,143.15,142.54,143.04,22002.26,2021,9,17
2021-09-17 17:40:00+00:00,143.04,143.65,142.65,142.8,23272.6,2021,9,17
2021-09-17 17:45:00+00:00,142.79,142.79,140.86,141.08,50162.9,2021,9,17
2021-09-17 17:50:00+00:00,141.08,141.35,140.0,140.37,71451.62,2021,9,17
2021-09-17 17:55:00+00:00,140.34,141.11,140.1,141.03,19828.76,2021,9,17
2021-09-17 18:00:00+00:00,141.06,141.39,140.61,140.61,17945.17,2021,9,17
2021-09-17 18:05:00+00:00,140.65,140.71,139.3,139.76,49675.18,2021,9,17
2021-09-17 18:10:00+00:00,139.82,139.86,138.55,138.7,34950.15,2021,9,17
2021-09-17 18:15:00+00:00,138.7,140.36,138.54,140.15,35482.61,2021,9,17
2021-09-17 18:20:00+00:00,140.16,140.68,139.47,139.97,27208.03,2021,9,17
2021-09-17 18:25:00+00:00,139.99,140.87,139.6,140.75,19299.66,2021,9,17
2021-09-17 18:30:00+00:00,140.75,141.0,140.12,140.83,21738.73,2021,9,17
2021-09-17 18:35:00+00:00,140.82,140.86,139.6,140.15,25889.34,2021,9,17
2021-09-17 18:40:00+00:00,140.17,140.53,139.83,140.19,13482.83,2021,9,17
2021-09-17 18:45:00+00:00,140.21,140.93,140.2,140.74,13013.78,2021,9,17
2021-09-17 18:50:00+00:00,140.72,141.16,140.61,140.97,19401.25,2021,9,17
2021-09-17 18:55:00+00:00,140.96,141.58,140.76,141.58,19597.92,2021,9,17
2021-09-17 19:00:00+00:00,141.58,142.35,141.35,141.97,31068.02,2021,9,17
2021-09-17 19:05:00+00:00,141.97,141.97,140.8,141.24,25098.9,2021,9,17
2021-09-17 19:10:00+00:00,141.25,141.99,141.15,141.84,8376.7,2021,9,17
2021-09-17 19:15:00+00:00,141.82,143.16,141.52,143.08,15887.46,2021,9,17
2021-09-17 19:20:00+00:00,143.1,143.6,142.46,143.37,12242.73,2021,9,17
2021-09-17 19:25:00+00:00,143.38,144.8,143.26,144.7,29882.01,2021,9,17
2021-09-17 19:30:00+00:00,144.68,144.72,143.66,144.15,15049.85,2021,9,17
2021-09-17 19:35:00+00:00,144.13,144.64,143.86,144.29,20079.6,2021,9,17
2021-09-17 19:40:00+00:00,144.29,144.38,143.48,144.25,12107.67,2021,9,17
2021-09-17 19:45:00+00:00,144.29,144.35,142.97,143.18,22041.74,2021,9,17
2021-09-17 19:50:00+00:00,143.13,143.87,143.08,143.22,11900.91,2021,9,17
2021-09-17 19:55:00+00:00,143.19,144.65,143.15,144.57,14881.16,2021,9,17
2021-09-17 20:00:00+00:00,144.56,144.9,143.83,144.21,15728.52,2021,9,17
2021-09-17 20:05:00+00:00,144.17,144.21,143.51,143.75,8463.38,2021,9,17
2021-09-17 20:10:00+00:00,143.74,143.88,143.07,143.24,8244.65,2021,9,17
2021-09-17 20:15:00+00:00,143.25,144.02,142.71,143.28,10124.27,2021,9,17
2021-09-17 20:20:00+00:00,143.27,143.48,142.87,143.16,5743.73,2021,9,17
2021-09-17 20:25:00+00:00,143.15,143.17,141.63,142.1,20868.04,2021,9,17
2021-09-17 20:30:00+00:00,142.08,143.24,141.21,142.93,19637.99,2021,9,17
2021-09-17 20:35:00+00:00,142.89,143.05,142.37,142.63,8347.72,2021,9,17
2021-09-17 20:40:00+00:00,142.65,143.24,142.4,143.16,7258.26,2021,9,17
2021-09-17 20:45:00+00:00,143.24,143.25,142.61,142.69,6468.71,2021,9,17
2021-09-17 20:50:00+00:00,142.67,143.09,142.4,142.88,8882.39,2021,9,17
2021-09-17 20:55:00+00:00,142.92,143.11,141.96,141.96,8207.16,2021,9,17
2021-09-17 21:00:00+00:00,142.0,142.44,141.03,141.32,13252.54,2021,9,17
2021-09-17 21:05:00+00:00,141.29,141.38,140.24,140.87,23717.4,2021,9,17
2021-09-17 21:10:00+00:00,140.87,142.27,140.84,141.86,11040.29,2021,9,17
2021-09-17 21:15:00+00:00,141.86,142.02,141.5,141.62,7391.89,2021,9,17
2021-09-17 21:20:00+00:00,141.62,142.58,141.62,142.42,6035.85,2021,9,17
2021-09-17 21:25:00+00:00,142.42,142.9,142.14,142.64,5883.4,2021,9,17
2021-09-17 21:30:00+00:00,142.66,144.5,142.6,143.97,18028.4,2021,9,17
2021-09-17 21:35:00+00:00,143.95,144.0,143.31,143.37,6596.57,2021,9,17
2021-09-17 21:40:00+00:00,143.32,143.47,142.95,143.1,5289.55,2021,9,17
2021-09-17 21:45:00+00:00,143.07,143.09,142.68,143.04,5615.02,2021,9,17
2021-09-17 21:50:00+00:00,142.99,143.92,142.99,143.38,6468.04,2021,9,17
2021-09-17 21:55:00+00:00,143.38,143.63,142.92,143.31,7029.4,2021,9,17
2021-09-17 22:00:00+00:00,143.3,145.0,143.26,144.83,31733.03,2021,9,17
2021-09-17 22:05:00+00:00,144.77,145.08,143.96,144.15,21138.41,2021,9,17
2021-09-17 22:10:00+00:00,144.21,145.61,144.15,145.51,21062.18,2021,9,17
2021-09-17 22:15:00+00:00,145.51,145.94,145.26,145.68,29219.67,2021,9,17
2021-09-17 22:20:00+00:00,145.65,147.33,145.65,147.08,54547.3,2021,9,17
2021-09-17 22:25:00+00:00,147.08,147.37,146.42,146.96,25445.31,2021,9,17
2021-09-17 22:30:00+00:00,146.95,147.47,145.75,145.94,26265.86,2021,9,17
2021-09-17 22:35:00+00:00,145.95,146.66,145.77,146.59,15167.6,2021,9,17
2021-09-17 22:40:00+00:00,146.58,146.97,146.1,146.59,9626.02,2021,9,17
2021-09-17 22:45:00+00:00,146.59,146.88,145.26,145.7,22846.79,2021,9,17
2021-09-17 22:50:00+00:00,145.71,145.71,144.76,144.87,27219.74,2021,9,17
2021-09-17 22:55:00+00:00,144.91,145.19,144.27,144.7,22832.2,2021,9,17
2021-09-17 23:00:00+00:00,144.71,145.64,144.08,145.26,16074.08,2021,9,17
2021-09-17 23:05:00+00:00,145.25,145.88,145.04,145.61,17330.93,2021,9,17
2021-09-17 23:10:00+00:00,145.64,147.08,145.63,146.99,22542.44,2021,9,17
2021-09-17 23:15:00+00:00,146.99,147.14,146.15,146.21,19057.18,2021,9,17
2021-09-17 23:20:00+00:00,146.19,146.76,145.79,146.16,11534.41,2021,9,17
2021-09-17 23:25:00+00:00,146.15,146.55,145.36,145.8,11956.01,2021,9,17
2021-09-17 23:30:00+00:00,145.81,146.91,145.73,146.72,10742.92,2021,9,17
2021-09-17 23:35:00+00:00,146.74,147.18,146.43,147.18,12460.93,2021,9,17
2021-09-17 23:40:00+00:00,147.17,148.0,146.8,147.28,30310.01,2021,9,17
2021-09-17 23:45:00+00:00,147.29,148.95,147.25,148.75,51820.29,2021,9,17
2021-09-17 23:50:00+00:00,148.73,148.76,147.4,147.9,22827.98,2021,9,17
2021-09-17 23:55:00+00:00,147.89,148.36,147.3,147.58,12233.2,2021,9,17
2021-09-18 00:00:00+00:00,147.59,147.92,146.22,146.69,24725.5,2021,9,18
2021-09-18 00:05:00+00:00,146.69,147.22,144.99,145.61,54853.58,2021,9,18
2021-09-18 00:10:00+00:00,145.61,146.91,145.61,146.56,15611.35,2021,9,18
2021-09-18 00:15:00+00:00,146.64,146.94,145.92,145.99,10383.35,2021,9,18
2021-09-18 00:20:00+00:00,145.97,146.69,145.68,145.95,10523.73,2021,9,18
2021-09-18 00:25:00+00:00,145.96,146.56,145.68,146.42,9747.16,2021,9,18
2021-09-18 00:30:00+00:00,146.49,146.61,145.15,145.74,11095.55,2021,9,18
2021-09-18 00:35:00+00:00,145.74,145.75,144.66,144.93,14528.48,2021,9,18
2021-09-18 00:40:00+00:00,144.95,145.52,144.54,144.68,9599.29,2021,9,18
2021-09-18 00:45:00+00:00,144.74,145.6,144.11,145.17,14736.89,2021,9,18
2021-09-18 00:50:00+00:00,145.17,145.7,144.98,145.48,9276.81,2021,9,18
2021-09-18 00:55:00+00:00,145.5,146.12,145.27,145.83,11370.71,2021,9,18
2021-09-18 01:00:00+00:00,145.83,146.93,145.25,146.91,16896.97,2021,9,18
2021-09-18 01:05:00+00:00,146.9,147.15,146.5,146.97,11045.66,2021,9,18
2021-09-18 01:10:00+00:00,147.0,147.49,146.76,147.33,18836.01,2021,9,18
2021-09-18 01:15:00+00:00,147.33,147.59,146.4,146.56,22564.7,2021,9,18
2021-09-18 01:20:00+00:00,146.57,147.02,146.13,146.29,14729.01,2021,9,18
2021-09-18 01:25:00+00:00,146.37,147.43,146.34,147.41,17849.63,2021,9,18
2021-09-18 01:30:00+00:00,147.4,148.28,147.39,147.76,19900.57,2021,9,18
2021-09-18 01:35:00+00:00,147.76,148.2,147.05,148.19,10861.22,2021,9,18
2021-09-18 01:40:00+00:00,148.14,149.0,147.76,148.5,27509.55,2021,9,18
2021-09-18 01:45:00+00:00,148.45,149.0,148.28,148.61,16888.18,2021,9,18
2021-09-18 01:50:00+00:00,148.63,148.99,148.16,148.34,9435.0,2021,9,18
2021-09-18 01:55:00+00:00,148.3,148.58,147.38,147.91,19849.1,2021,9,18
2021-09-18 02:00:00+00:00,147.92,148.03,146.93,147.49,22272.39,2021,9,18
2021-09-18 02:05:00+00:00,147.47,147.56,146.72,146.82,11073.25,2021,9,18
2021-09-18 02:10:00+00:00,146.81,147.05,146.33,146.59,14053.96,2021,9,18
2021-09-18 02:15:00+00:00,146.62,147.19,146.4,147.12,11349.59,2021,9,18
2021-09-18 02:20:00+00:00,147.12,147.21,144.57,145.49,80694.54,2021,9,18
2021-09-18 02:25:00+00:00,145.5,146.11,145.23,145.87,13603.7,2021,9,18
2021-09-18 02:30:00+00:00,145.9,146.3,145.64,145.65,21550.06,2021,9,18
2021-09-18 02:35:00+00:00,145.64,146.0,145.64,145.9,5957.67,2021,9,18
2021-09-18 02:40:00+00:00,145.91,146.33,145.74,145.91,18247.76,2021,9,18
2021-09-18 02:45:00+00:00,145.9,145.99,145.45,145.94,7849.52,2021,9,18
2021-09-18 02:50:00+00:00,145.93,146.39,145.75,145.87,10533.6,2021,9,18
2021-09-18 02:55:00+00:00,145.91,145.95,145.06,145.37,9703.44,2021,9,18
2021-09-18 03:00:00+00:00,145.37,145.49,145.1,145.35,6882.95,2021,9,18
2021-09-18 03:05:00+00:00,145.31,145.65,145.1,145.61,8863.09,2021,9,18
2021-09-18 03:10:00+00:00,145.58,145.99,145.37,145.67,15437.94,2021,9,18
2021-09-18 03:15:00+00:00,145.67,146.33,145.6,145.94,21161.62,2021,9,18
2021-09-18 03:20:00+00:00,145.95,146.25,144.88,144.94,17896.74,2021,9,18
2021-09-18 03:25:00+00:00,144.94,145.24,144.65,144.98,20212.45,2021,9,18
2021-09-18 03:30:00+00:00,144.97,145.35,144.58,144.74,11725.84,2021,9,18
2021-09-18 03:35:00+00:00,144.74,145.02,144.39,144.87,15707.72,2021,9,18
2021-09-18 03:40:00+00:00,144.89,145.43,144.87,145.43,8620.32,2021,9,18
2021-09-18 03:45:00+00:00,145.43,146.11,145.18,145.78,12656.07,2021,9,18
2021-09-18 03:50:00+00:00,145.79,146.0,145.38,145.87,20963.0,2021,9,18
2021-09-18 03:55:00+00:00,145.85,145.91,144.77,144.83,34566.35,2021,9,18
2021-09-18 04:00:00+00:00,144.83,145.33,144.1,144.29,43753.63,2021,9,18
2021-09-18 04:05:00+00:00,144.28,144.99,144.27,144.98,16469.62,2021,9,18
2021-09-18 04:10:00+00:00,144.99,145.83,144.99,145.28,15205.69,2021,9,18
2021-09-18 04:15:00+00:00,145.31,146.08,145.31,146.06,14778.67,2021,9,18
2021-09-18 04:20:00+00:00,146.07,146.5,146.0,146.31,16122.19,2021,9,18
2021-09-18 04:25:00+00:00,146.3,146.57,145.8,146.13,14748.76,2021,9,18
2021-09-18 04:30:00+00:00,146.12,146.7,145.97,146.52,18749.58,2021,9,18
2021-09-18 04:35:00+00:00,146.52,147.11,146.3,146.62,17005.46,2021,9,18
2021-09-18 04:40:00+00:00,146.62,147.2,146.5,147.14,11853.05,2021,9,18
2021-09-18 04:45:00+00:00,147.12,147.31,146.62,146.9,12666.12,2021,9,18
2021-09-18 04:50:00+00:00,146.89,147.31,146.35,146.64,14517.67,2021,9,18
2021-09-18 04:55:00+00:00,146.6,147.38,146.4,147.34,11386.7,2021,9,18
2021-09-18 05:00:00+00:00,147.35,147.49,146.46,146.86,13383.25,2021,9,18
2021-09-18 05:05:00+00:00,146.9,147.08,145.88,145.89,17855.75,2021,9,18
2021-09-18 05:10:00+00:00,145.87,145.99,145.42,145.86,18146.7,2021,9,18
2021-09-18 05:15:00+00:00,145.87,146.04,145.64,145.67,13504.89,2021,9,18
2021-09-18 05:20:00+00:00,145.68,146.44,145.59,146.32,16649.88,2021,9,18
2021-09-18 05:25:00+00:00,146.31,146.76,146.18,146.48,15602.09,2021,9,18
2021-09-18 05:30:00+00:00,146.48,146.68,146.19,146.4,20459.35,2021,9,18
2021-09-18 05:35:00+00:00,146.39,147.1,146.28,146.7,13815.5,2021,9,18
2021-09-18 05:40:00+00:00,146.7,147.0,146.41,146.62,12970.16,2021,9,18
2021-09-18 05:45:00+00:00,146.62,147.19,146.12,146.93,42854.59,2021,9,18
2021-09-18 05:50:00+00:00,146.93,147.48,146.8,147.12,18553.77,2021,9,18
2021-09-18 05:55:00+00:00,147.16,147.17,146.25,146.42,31515.82,2021,9,18
2021-09-18 06:00:00+00:00,146.43,147.2,146.03,146.69,24809.28,2021,9,18
2021-09-18 06:05:00+00:00,146.68,147.9,146.5,147.58,22308.52,2021,9,18
2021-09-18 06:10:00+00:00,147.56,148.43,147.54,148.13,31604.32,2021,9,18
2021-09-18 06:15:00+00:00,148.13,152.76,147.82,152.66,135904.07,2021,9,18
2021-09-18 06:20:00+00:00,152.69,153.4,151.84,152.91,76940.5,2021,9,18
2021-09-18 06:25:00+00:00,152.85,153.82,152.31,152.98,67854.62,2021,9,18
2021-09-18 06:30:00+00:00,152.96,154.62,152.2,154.34,84301.97,2021,9,18
2021-09-18 06:35:00+00:00,154.34,154.34,153.61,153.86,52761.36,2021,9,18
2021-09-18 06:40:00+00:00,153.87,154.56,153.6,153.95,52473.38,2021,9,18
2021-09-18 06:45:00+00:00,153.94,155.09,153.31,154.94,70113.65,2021,9,18
2021-09-18 06:50:00+00:00,154.94,155.87,154.9,155.17,99398.68,2021,9,18
2021-09-18 06:55:00+00:00,155.17,156.08,154.75,155.5,77210.64,2021,9,18
2021-09-18 07:00:00+00:00,155.5,155.98,154.42,154.84,66738.65,2021,9,18
2021-09-18 07:05:00+00:00,154.83,156.8,154.68,156.71,60380.87,2021,9,18
2021-09-18 07:10:00+00:00,156.72,157.4,156.22,157.32,68196.44,2021,9,18
2021-09-18 07:15:00+00:00,157.33,157.65,156.2,156.21,81735.0,2021,9,18
2021-09-18 07:20:00+00:00,156.22,156.62,155.46,155.9,48098.31,2021,9,18
2021-09-18 07:25:00+00:00,155.9,156.78,155.65,156.43,61893.76,2021,9,18
2021-09-18 07:30:00+00:00,156.4,157.75,156.34,156.63,50293.43,2021,9,18
2021-09-18 07:35:00+00:00,156.62,156.95,155.8,156.86,58491.37,2021,9,18
2021-09-18 07:40:00+00:00,156.85,158.5,156.19,158.12,148164.29,2021,9,18
2021-09-18 07:45:00+00:00,158.13,158.7,157.0,157.81,89319.82,2021,9,18
2021-09-18 07:50:00+00:00,157.82,158.2,157.17,157.59,37481.46,2021,9,18
2021-09-18 07:55:00+00:00,157.6,158.29,157.15,157.61,37255.33,2021,9,18
2021-09-18 08:00:00+00:00,157.64,159.0,157.55,158.99,58214.61,2021,9,18
2021-09-18 08:05:00+00:00,158.97,159.2,158.27,158.86,48118.88,2021,9,18
2021-09-18 08:10:00+00:00,158.86,159.59,158.54,159.42,58002.09,2021,9,18
2021-09-18 08:15:00+00:00,159.45,159.87,159.0,159.59,47905.99,2021,9,18
2021-09-18 08:20:00+00:00,159.59,160.84,159.53,160.72,86718.18,2021,9,18
2021-09-18 08:25:00+00:00,160.71,161.57,160.42,160.58,93553.44,2021,9,18
2021-09-18 08:30:00+00:00,160.58,161.55,160.22,161.41,68416.52,2021,9,18
2021-09-18 08:35:00+00:00,161.41,161.7,160.5,161.52,47262.95,2021,9,18
2021-09-18 08:40:00+00:00,161.53,161.74,159.42,159.9,67827.45,2021,9,18
2021-09-18 08:45:00+00:00,159.91,160.4,158.3,159.01,78457.28,2021,9,18
2021-09-18 08:50:00+00:00,159.02,159.5,158.55,159.44,67732.14,2021,9,18
2021-09-18 08:55:00+00:00,159.42,159.8,158.6,158.97,32944.01,2021,9,18
2021-09-18 09:00:00+00:00,158.94,159.12,157.58,157.8,46328.51,2021,9,18
2021-09-18 09:05:00+00:00,157.8,158.4,157.13,158.32,61149.77,2021,9,18
2021-09-18 09:10:00+00:00,158.31,159.55,158.31,159.51,38225.13,2021,9,18
2021-09-18 09:15:00+00:00,159.52,160.86,159.35,160.39,63892.69,2021,9,18
2021-09-18 09:20:00+00:00,160.38,160.66,159.35,159.39,37837.1,2021,9,18
2021-09-18 09:25:00+00:00,159.41,159.82,158.72,158.86,29995.67,2021,9,18
2021-09-18 09:30:00+00:00,158.88,159.85,158.8,159.11,23584.77,2021,9,18
2021-09-18 09:35:00+00:00,159.11,159.49,158.79,158.85,22932.12,2021,9,18
2021-09-18 09:40:00+00:00,158.86,158.86,158.06,158.45,39525.92,2021,9,18
2021-09-18 09:45:00+00:00,158.44,159.55,158.37,158.75,27696.02,2021,9,18
2021-09-18 09:50:00+00:00,158.74,159.35,158.48,158.56,17301.22,2021,9,18
2021-09-18 09:55:00+00:00,158.54,158.8,158.13,158.21,18170.37,2021,9,18
2021-09-18 10:00:00+00:00,158.2,159.03,158.17,158.45,23904.88,2021,9,18
2021-09-18 10:05:00+00:00,158.45,158.86,157.6,158.25,30313.79,2021,9,18
2021-09-18 10:10:00+00:00,158.24,159.17,158.24,159.11,21613.25,2021,9,18
2021-09-18 10:15:00+00:00,159.12,160.0,158.94,159.64,28302.43,2021,9,18
2021-09-18 10:20:00+00:00,159.63,159.74,158.83,159.6,13916.34,2021,9,18
2021-09-18 10:25:00+00:00,159.55,159.75,158.83,159.0,13273.15,2021,9,18
2021-09-18 10:30:00+00:00,159.0,159.91,158.73,159.9,16791.63,2021,9,18
2021-09-18 10:35:00+00:00,159.88,160.21,159.15,159.19,18269.12,2021,9,18
2021-09-18 10:40:00+00:00,159.19,159.8,159.01,159.23,15255.47,2021,9,18
2021-09-18 10:45:00+00:00,159.22,159.99,159.2,159.93,14776.89,2021,9,18
2021-09-18 10:50:00+00:00,159.93,160.59,159.91,160.21,24994.37,2021,9,18
2021-09-18 10:55:00+00:00,160.21,160.58,159.77,160.55,19204.53,2021,9,18
2021-09-18 11:00:00+00:00,160.54,162.5,160.49,162.43,63051.31,2021,9,18
2021-09-18 11:05:00+00:00,162.4,163.0,162.06,162.83,72522.03,2021,9,18
2021-09-18 11:10:00+00:00,162.83,164.63,162.81,164.02,114819.65,2021,9,18
2021-09-18 11:15:00+00:00,164.02,164.14,162.68,163.6,63951.3,2021,9,18
2021-09-18 11:20:00+00:00,163.6,164.79,163.2,163.73,65505.39,2021,9,18
2021-09-18 11:25:00+00:00,163.72,164.27,162.8,163.07,35824.4,2021,9,18
2021-09-18 11:30:00+00:00,163.06,163.52,161.87,162.3,36737.43,2021,9,18
2021-09-18 11:35:00+00:00,162.31,162.76,161.97,162.29,26199.49,2021,9,18
2021-09-18 11:40:00+00:00,162.28,162.95,161.88,162.39,28664.05,2021,9,18
2021-09-18 11:45:00+00:00,162.41,163.85,162.01,163.59,25861.23,2021,9,18
2021-09-18 11:50:00+00:00,163.59,163.6,161.72,161.8,35294.01,2021,9,18
2021-09-18 11:55:00+00:00,161.78,161.83,160.0,160.91,70264.09,2021,9,18
2021-09-18 12:00:00+00:00,160.92,161.59,160.2,160.48,42165.02,2021,9,18
2021-09-18 12:05:00+00:00,160.45,162.3,160.36,162.03,37348.57,2021,9,18
2021-09-18 12:10:00+00:00,162.01,162.84,161.52,161.63,29780.26,2021,9,18
2021-09-18 12:15:00+00:00,161.63,162.5,161.6,162.15,15808.16,2021,9,18
2021-09-18 12:20:00+00:00,162.14,162.6,161.91,162.07,20725.64,2021,9,18
2021-09-18 12:25:00+00:00,162.08,162.22,160.78,160.89,26483.32,2021,9,18
2021-09-18 12:30:00+00:00,160.89,161.68,160.8,161.53,16647.2,2021,9,18
2021-09-18 12:35:00+00:00,161.53,161.53,160.32,160.55,28856.46,2021,9,18
2021-09-18 12:40:00+00:00,160.55,160.99,160.16,160.64,17976.27,2021,9,18
2021-09-18 12:45:00+00:00,160.62,161.55,160.57,161.13,21530.59,2021,9,18
2021-09-18 12:50:00+00:00,161.14,161.5,160.32,160.39,16131.63,2021,9,18
2021-09-18 12:55:00+00:00,160.39,160.99,160.07,160.32,16484.87,2021,9,18
2021-09-18 13:00:00+00:00,160.32,161.35,160.2,161.34,29733.71,2021,9,18
2021-09-18 13:05:00+00:00,161.35,161.98,161.15,161.92,13013.01,2021,9,18
2021-09-18 13:10:00+00:00,161.9,162.24,161.18,162.22,16100.18,2021,9,18
2021-09-18 13:15:00+00:00,162.22,162.5,161.78,161.97,18454.26,2021,9,18
2021-09-18 13:20:00+00:00,161.95,162.36,161.6,161.91,14853.8,2021,9,18
2021-09-18 13:25:00+00:00,161.91,162.28,161.58,162.18,10176.48,2021,9,18
2021-09-18 13:30:00+00:00,162.18,162.19,161.13,161.3,10887.03,2021,9,18
2021-09-18 13:35:00+00:00,161.28,161.32,160.75,160.89,13114.04,2021,9,18
2021-09-18 13:40:00+00:00,160.87,161.83,160.87,161.67,17063.56,2021,9,18
2021-09-18 13:45:00+00:00,161.67,161.86,160.87,161.2,30018.64,2021,9,18
2021-09-18 13:50:00+00:00,161.21,162.94,161.2,162.55,30895.51,2021,9,18
2021-09-18 13:55:00+00:00,162.55,162.93,161.89,162.85,18687.99,2021,9,18
2021-09-18 14:00:00+00:00,162.85,163.87,162.47,163.59,28393.29,2021,9,18
2021-09-18 14:05:00+00:00,163.58,163.74,162.57,162.86,19815.21,2021,9,18
2021-09-18 14:10:00+00:00,162.87,162.93,161.94,162.21,15095.47,2021,9,18
2021-09-18 14:15:00+00:00,162.21,163.55,162.17,163.02,27265.96,2021,9,18
2021-09-18 14:20:00+00:00,163.03,163.17,161.93,162.4,18783.59,2021,9,18
2021-09-18 14:25:00+00:00,162.45,162.48,161.52,161.66,19247.73,2021,9,18
2021-09-18 14:30:00+00:00,161.66,162.11,161.29,161.65,20417.63,2021,9,18
2021-09-18 14:35:00+00:00,161.63,161.65,160.37,160.74,48740.54,2021,9,18
2021-09-18 14:40:00+00:00,160.74,161.23,160.44,161.07,21015.9,2021,9,18
2021-09-18 14:45:00+00:00,161.07,161.47,160.72,160.99,10789.55,2021,9,18
2021-09-18 14:50:00+00:00,160.99,161.47,160.8,161.13,23411.4,2021,9,18
2021-09-18 14:55:00+00:00,161.15,161.76,160.96,161.6,11945.56,2021,9,18
2021-09-18 15:00:00+00:00,161.59,162.51,161.51,162.47,17678.76,2021,9,18
2021-09-18 15:05:00+00:00,162.47,162.75,162.03,162.24,15181.1,2021,9,18
2021-09-18 15:10:00+00:00,162.23,163.0,161.83,162.68,16224.98,2021,9,18
2021-09-18 15:15:00+00:00,162.66,162.86,162.09,162.29,12450.83,2021,9,18
2021-09-18 15:20:00+00:00,162.29,163.1,162.07,163.09,15889.88,2021,9,18
2021-09-18 15:25:00+00:00,163.08,163.2,162.75,163.01,15441.53,2021,9,18
2021-09-18 15:30:00+00:00,163.02,163.8,162.6,163.7,24767.75,2021,9,18
2021-09-18 15:35:00+00:00,163.65,164.33,163.27,164.09,40605.09,2021,9,18
2021-09-18 15:40:00+00:00,164.09,164.24,162.26,162.36,31298.95,2021,9,18
2021-09-18 15:45:00+00:00,162.36,162.82,161.8,162.4,33878.99,2021,9,18
2021-09-18 15:50:00+00:00,162.41,162.7,161.77,162.21,24471.87,2021,9,18
2021-09-18 15:55:00+00:00,162.2,163.66,162.04,163.66,23081.89,2021,9,18
2021-09-18 16:00:00+00:00,163.63,164.3,162.68,163.88,37077.19,2021,9,18
2021-09-18 16:05:00+00:00,163.89,164.29,163.25,163.47,23812.37,2021,9,18
2021-09-18 16:10:00+00:00,163.48,164.5,162.77,164.19,38594.64,2021,9,18
2021-09-18 16:15:00+00:00,164.21,165.2,163.92,164.17,70210.72,2021,9,18
2021-09-18 16:20:00+00:00,164.14,164.35,163.06,163.75,33369.5,2021,9,18
2021-09-18 16:25:00+00:00,163.75,164.46,163.42,163.47,20587.79,2021,9,18
2021-09-18 16:30:00+00:00,163.47,163.5,162.61,162.69,27508.16,2021,9,18
2021-09-18 16:35:00+00:00,162.69,162.92,161.77,161.84,32759.65,2021,9,18
2021-09-18 16:40:00+00:00,161.84,162.31,161.19,161.83,41151.33,2021,9,18
2021-09-18 16:45:00+00:00,161.84,162.68,161.77,162.16,16329.07,2021,9,18
2021-09-18 16:50:00+00:00,162.12,162.47,162.0,162.33,12025.14,2021,9,18
2021-09-18 16:55:00+00:00,162.31,162.45,161.05,161.29,22631.85,2021,9,18
2021-09-18 17:00:00+00:00,161.28,161.74,160.85,160.99,16215.25,2021,9,18
2021-09-18 17:05:00+00:00,160.98,161.76,160.95,161.29,13419.98,2021,9,18
2021-09-18 17:10:00+00:00,161.28,162.13,161.26,161.42,34351.82,2021,9,18
2021-09-18 17:15:00+00:00,161.4,162.3,161.24,162.0,15980.78,2021,9,18
2021-09-18 17:20:00+00:00,161.98,162.14,161.54,162.11,12310.19,2021,9,18
2021-09-18 17:25:00+00:00,162.1,162.55,161.81,162.38,16536.07,2021,9,18
2021-09-18 17:30:00+00:00,162.39,162.6,162.0,162.43,14145.05,2021,9,18
2021-09-18 17:35:00+00:00,162.41,163.15,162.32,163.13,13772.17,2021,9,18
2021-09-18 17:40:00+00:00,163.13,164.01,162.88,163.81,33488.46,2021,9,18
2021-09-18 17:45:00+00:00,163.84,163.88,162.86,163.06,16146.56,2021,9,18
2021-09-18 17:50:00+00:00,163.06,164.14,163.04,163.94,23391.04,2021,9,18
2021-09-18 17:55:00+00:00,163.94,163.99,163.75,163.8,12820.41,2021,9,18
2021-09-18 18:00:00+00:00,163.79,163.8,162.73,162.94,16638.87,2021,9,18
2021-09-18 18:05:00+00:00,162.93,163.67,162.82,163.02,16290.99,2021,9,18
2021-09-18 18:10:00+00:00,163.03,163.32,162.16,162.66,12652.53,2021,9,18
2021-09-18 18:15:00+00:00,162.65,163.46,162.39,163.39,12505.03,2021,9,18
2021-09-18 18:20:00+00:00,163.42,163.68,162.92,163.32,13515.79,2021,9,18
2021-09-18 18:25:00+00:00,163.31,163.98,163.2,163.52,17187.26,2021,9,18
2021-09-18 18:30:00+00:00,163.54,163.99,163.38,163.57,14145.44,2021,9,18
2021-09-18 18:35:00+00:00,163.57,163.81,162.63,162.8,14509.89,2021,9,18
2021-09-18 18:40:00+00:00,162.8,163.15,162.35,162.86,8819.45,2021,9,18
2021-09-18 18:45:00+00:00,162.86,163.08,162.24,162.95,10534.09,2021,9,18
2021-09-18 18:50:00+00:00,162.95,162.98,162.5,162.63,8276.67,2021,9,18
2021-09-18 18:55:00+00:00,162.64,164.05,162.41,163.93,33038.69,2021,9,18
2021-09-18 19:00:00+00:00,163.96,165.1,163.55,164.8,53413.87,2021,9,18
2021-09-18 19:05:00+00:00,164.8,164.96,163.53,163.83,20100.82,2021,9,18
2021-09-18 19:10:00+00:00,163.83,163.99,162.66,163.1,22870.39,2021,9,18
2021-09-18 19:15:00+00:00,163.08,163.71,162.97,163.47,15321.12,2021,9,18
2021-09-18 19:20:00+00:00,163.48,163.64,163.2,163.44,7319.97,2021,9,18
2021-09-18 19:25:00+00:00,163.43,163.5,163.0,163.29,6179.32,2021,9,18
2021-09-18 19:30:00+00:00,163.32,163.37,162.43,162.71,12179.87,2021,9,18
2021-09-18 19:35:00+00:00,162.69,162.96,162.45,162.9,6478.64,2021,9,18
2021-09-18 19:40:00+00:00,162.87,163.21,162.51,163.16,6813.95,2021,9,18
2021-09-18 19:45:00+00:00,163.15,163.2,162.51,162.54,6249.72,2021,9,18
2021-09-18 19:50:00+00:00,162.54,162.91,162.24,162.24,11238.94,2021,9,18
2021-09-18 19:55:00+00:00,162.24,162.77,161.45,162.62,19992.51,2021,9,18
2021-09-18 20:00:00+00:00,162.62,162.67,161.0,161.01,24816.22,2021,9,18
2021-09-18 20:05:00+00:00,161.08,161.2,157.47,159.16,114575.13,2021,9,18
2021-09-18 20:10:00+00:00,159.14,159.19,157.83,158.32,41026.62,2021,9,18
2021-09-18 20:15:00+00:00,158.31,159.17,157.75,159.11,40262.5,2021,9,18
2021-09-18 20:20:00+00:00,159.09,159.2,158.55,159.1,17364.04,2021,9,18
2021-09-18 20:25:00+00:00,159.1,159.16,158.45,158.67,12146.17,2021,9,18
2021-09-18 20:30:00+00:00,158.66,158.92,157.89,158.87,19320.79,2021,9,18
2021-09-18 20:35:00+00:00,158.88,159.1,158.45,158.63,13820.72,2021,9,18
2021-09-18 20:40:00+00:00,158.64,159.69,158.58,159.58,13825.72,2021,9,18
2021-09-18 20:45:00+00:00,159.57,160.94,159.46,160.86,26408.54,2021,9,18
2021-09-18 20:50:00+00:00,160.86,161.0,159.91,160.15,15522.74,2021,9,18
2021-09-18 20:55:00+00:00,160.15,160.75,159.76,160.31,16283.17,2021,9,18
2021-09-18 21:00:00+00:00,160.31,160.32,159.59,159.69,10462.54,2021,9,18
2021-09-18 21:05:00+00:00,159.68,160.64,159.64,160.3,8951.37,2021,9,18
2021-09-18 21:10:00+00:00,160.3,160.93,160.17,160.7,9047.77,2021,9,18
2021-09-18 21:15:00+00:00,160.71,160.74,160.0,160.44,7439.46,2021,9,18
2021-09-18 21:20:00+00:00,160.43,161.06,160.42,160.72,7723.22,2021,9,18
2021-09-18 21:25:00+00:00,160.72,161.01,160.46,160.9,12795.79,2021,9,18
2021-09-18 21:30:00+00:00,160.9,160.96,160.8,160.83,3518.82,2021,9,18
2021-09-18 21:35:00+00:00,160.83,160.84,160.22,160.47,7501.9,2021,9,18
2021-09-18 21:40:00+00:00,160.49,161.63,160.48,161.29,9643.14,2021,9,18
2021-09-18 21:45:00+00:00,161.29,162.59,161.22,162.17,20075.98,2021,9,18
2021-09-18 21:50:00+00:00,162.21,162.56,161.5,161.73,13765.52,2021,9,18
2021-09-18 21:55:00+00:00,161.71,161.97,161.08,161.7,9653.11,2021,9,18
2021-09-18 22:00:00+00:00,161.69,162.87,161.29,162.8,16819.59,2021,9,18
2021-09-18 22:05:00+00:00,162.8,163.64,162.58,163.08,29201.19,2021,9,18
2021-09-18 22:10:00+00:00,163.1,163.38,162.62,162.95,11027.99,2021,9,18
2021-09-18 22:15:00+00:00,162.95,163.25,162.45,163.14,7437.47,2021,9,18
2021-09-18 22:20:00+00:00,163.13,163.94,162.93,163.89,17379.02,2021,9,18
2021-09-18 22:25:00+00:00,163.88,164.14,163.4,163.96,16121.69,2021,9,18
2021-09-18 22:30:00+00:00,163.96,164.35,163.5,164.0,15343.53,2021,9,18
2021-09-18 22:35:00+00:00,163.98,164.27,163.7,163.89,14135.21,2021,9,18
2021-09-18 22:40:00+00:00,163.88,165.0,163.81,164.55,35066.05,2021,9,18
2021-09-18 22:45:00+00:00,164.55,164.93,164.06,164.21,19488.72,2021,9,18
2021-09-18 22:50:00+00:00,164.2,164.22,163.81,164.07,13779.57,2021,9,18
2021-09-18 22:55:00+00:00,164.07,164.41,163.9,164.26,15296.25,2021,9,18
2021-09-18 23:00:00+00:00,164.26,164.43,163.81,163.86,13092.45,2021,9,18
2021-09-18 23:05:00+00:00,163.86,164.32,163.81,164.17,32603.96,2021,9,18
2021-09-18 23:10:00+00:00,164.16,164.82,163.91,164.39,37178.3,2021,9,18
2021-09-18 23:15:00+00:00,164.42,168.12,164.42,167.08,116365.58,2021,9,18
2021-09-18 23:20:00+00:00,167.08,168.0,166.8,167.95,23992.23,2021,9,18
2021-09-18 23:25:00+00:00,167.95,168.74,167.38,168.71,53724.37,2021,9,18
2021-09-18 23:30:00+00:00,168.71,171.47,168.18,171.04,130252.01,2021,9,18
2021-09-18 23:35:00+00:00,171.04,171.45,168.67,168.89,80920.49,2021,9,18
2021-09-18 23:40:00+00:00,168.89,170.15,168.53,169.19,39840.19,2021,9,18
2021-09-18 23:45:00+00:00,169.18,170.56,168.99,170.31,26589.36,2021,9,18
2021-09-18 23:50:00+00:00,170.34,170.4,169.4,169.56,22059.78,2021,9,18
2021-09-18 23:55:00+00:00,169.56,170.22,169.08,169.22,20592.06,2021,9,18
2021-09-19 00:00:00+00:00,169.22,170.0,167.35,169.52,63770.59,2021,9,19
2021-09-19 00:05:00+00:00,169.51,170.4,168.53,169.93,43047.51,2021,9,19
2021-09-19 00:10:00+00:00,169.93,170.28,169.64,170.03,23697.75,2021,9,19
2021-09-19 00:15:00+00:00,170.04,170.96,169.32,170.52,32493.36,2021,9,19
2021-09-19 00:20:00+00:00,170.53,170.59,169.42,169.44,20393.71,2021,9,19
2021-09-19 00:25:00+00:00,169.44,169.77,168.46,169.35,32472.25,2021,9,19
2021-09-19 00:30:00+00:00,169.37,170.43,169.34,169.9,21332.98,2021,9,19
2021-09-19 00:35:00+00:00,169.92,170.12,169.01,169.21,20459.37,2021,9,19
2021-09-19 00:40:00+00:00,169.18,169.7,168.65,169.38,35845.02,2021,9,19
2021-09-19 00:45:00+00:00,169.41,170.1,169.24,169.87,25108.95,2021,9,19
2021-09-19 00:50:00+00:00,169.87,170.8,169.08,169.69,39607.99,2021,9,19
2021-09-19 00:55:00+00:00,169.68,169.92,168.69,168.79,18388.45,2021,9,19
2021-09-19 01:00:00+00:00,168.8,168.87,166.45,167.0,74757.98,2021,9,19
2021-09-19 01:05:00+00:00,167.06,167.5,166.48,166.64,22910.34,2021,9,19
2021-09-19 01:10:00+00:00,166.65,167.11,166.19,166.78,22279.24,2021,9,19
2021-09-19 01:15:00+00:00,166.75,166.98,164.99,165.21,55611.52,2021,9,19
2021-09-19 01:20:00+00:00,165.17,165.8,164.42,165.07,39471.4,2021,9,19
2021-09-19 01:25:00+00:00,165.06,165.38,163.85,164.58,44094.15,2021,9,19
2021-09-19 01:30:00+00:00,164.58,165.6,164.02,165.47,27487.02,2021,9,19
2021-09-19 01:35:00+00:00,165.46,166.08,165.22,165.91,19329.02,2021,9,19
2021-09-19 01:40:00+00:00,165.92,166.5,165.74,165.92,15810.03,2021,9,19
2021-09-19 01:45:00+00:00,165.93,166.75,165.9,166.36,27287.24,2021,9,19
2021-09-19 01:50:00+00:00,166.38,166.95,166.14,166.71,10670.61,2021,9,19
2021-09-19 01:55:00+00:00,166.67,167.75,166.45,167.67,18966.27,2021,9,19
2021-09-19 02:00:00+00:00,167.64,167.75,166.5,166.54,18547.5,2021,9,19
2021-09-19 02:05:00+00:00,166.53,166.63,165.15,165.9,28705.98,2021,9,19
2021-09-19 02:10:00+00:00,165.87,166.53,165.19,165.77,11311.57,2021,9,19
2021-09-19 02:15:00+00:00,165.74,167.0,165.67,166.85,14347.92,2021,9,19
2021-09-19 02:20:00+00:00,166.88,167.62,166.5,167.26,15355.1,2021,9,19
2021-09-19 02:25:00+00:00,167.25,167.48,166.51,166.7,8658.35,2021,9,19
2021-09-19 02:30:00+00:00,166.74,167.11,166.19,166.33,11058.66,2021,9,19
2021-09-19 02:35:00+00:00,166.33,167.32,166.32,166.9,11322.55,2021,9,19
2021-09-19 02:40:00+00:00,166.9,166.91,166.0,166.05,9928.75,2021,9,19
2021-09-19 02:45:00+00:00,166.04,166.67,165.51,166.22,11745.43,2021,9,19
2021-09-19 02:50:00+00:00,166.21,166.78,165.83,166.42,5553.68,2021,9,19
2021-09-19 02:55:00+00:00,166.43,166.59,165.8,165.94,6563.84,2021,9,19
2021-09-19 03:00:00+00:00,165.95,166.29,164.93,165.19,14338.31,2021,9,19
2021-09-19 03:05:00+00:00,165.18,165.69,165.06,165.36,8197.69,2021,9,19
2021-09-19 03:10:00+00:00,165.37,165.97,165.03,165.08,10737.49,2021,9,19
2021-09-19 03:15:00+00:00,165.09,165.2,164.0,164.0,17901.69,2021,9,19
2021-09-19 03:20:00+00:00,164.03,164.52,163.81,164.36,31780.45,2021,9,19
2021-09-19 03:25:00+00:00,164.36,164.67,163.5,163.63,16232.27,2021,9,19
2021-09-19 03:30:00+00:00,163.63,164.08,162.0,162.86,38268.75,2021,9,19
2021-09-19 03:35:00+00:00,162.86,163.52,162.8,163.21,16509.53,2021,9,19
2021-09-19 03:40:00+00:00,163.2,164.26,162.95,164.02,21696.04,2021,9,19
2021-09-19 03:45:00+00:00,164.02,165.4,163.79,164.02,36101.41,2021,9,19
2021-09-19 03:50:00+00:00,164.02,164.24,163.4,163.95,13654.29,2021,9,19
2021-09-19 03:55:00+00:00,163.97,164.97,163.65,164.33,17914.89,2021,9,19
2021-09-19 04:00:00+00:00,164.32,165.25,164.14,164.54,34048.02,2021,9,19
2021-09-19 04:05:00+00:00,164.54,165.08,164.01,164.72,24942.11,2021,9,19
2021-09-19 04:10:00+00:00,164.7,164.8,164.01,164.08,7678.3,2021,9,19
2021-09-19 04:15:00+00:00,164.11,164.29,163.61,163.67,8194.87,2021,9,19
2021-09-19 04:20:00+00:00,163.67,163.78,162.93,163.1,12914.57,2021,9,19
2021-09-19 04:25:00+00:00,163.1,163.22,162.19,162.48,16862.6,2021,9,19
2021-09-19 04:30:00+00:00,162.48,163.22,162.26,162.65,13719.85,2021,9,19
2021-09-19 04:35:00+00:00,162.67,163.07,161.9,161.91,11927.72,2021,9,19
2021-09-19 04:40:00+00:00,161.94,162.22,161.38,162.15,20900.59,2021,9,19
2021-09-19 04:45:00+00:00,162.17,162.47,161.68,162.23,14671.57,2021,9,19
2021-09-19 04:50:00+00:00,162.27,162.86,162.16,162.64,11006.67,2021,9,19
2021-09-19 04:55:00+00:00,162.65,162.68,162.02,162.5,9893.51,2021,9,19
2021-09-19 05:00:00+00:00,162.51,162.62,161.72,162.16,11247.66,2021,9,19
2021-09-19 05:05:00+00:00,162.17,162.29,161.37,161.62,15113.04,2021,9,19
2021-09-19 05:10:00+00:00,161.61,163.2,161.2,163.18,36080.8,2021,9,19
2021-09-19 05:15:00+00:00,163.18,163.69,162.58,163.18,21648.41,2021,9,19
2021-09-19 05:20:00+00:00,163.17,164.1,163.16,163.65,13069.46,2021,9,19
2021-09-19 05:25:00+00:00,163.6,164.01,163.4,163.64,7772.65,2021,9,19
2021-09-19 05:30:00+00:00,163.64,163.67,163.17,163.37,8631.91,2021,9,19
2021-09-19 05:35:00+00:00,163.38,163.72,163.13,163.37,6517.21,2021,9,19
2021-09-19 05:40:00+00:00,163.38,163.56,163.34,163.44,5160.27,2021,9,19
2021-09-19 05:45:00+00:00,163.45,164.36,163.35,164.0,17510.81,2021,9,19
2021-09-19 05:50:00+00:00,163.96,164.22,163.81,163.94,15330.12,2021,9,19
2021-09-19 05:55:00+00:00,163.92,164.34,163.78,164.25,22685.12,2021,9,19
2021-09-19 06:00:00+00:00,164.22,164.31,163.58,163.75,12697.06,2021,9,19
2021-09-19 06:05:00+00:00,163.76,163.79,163.29,163.29,9221.6,2021,9,19
2021-09-19 06:10:00+00:00,163.29,163.39,162.58,162.84,12938.83,2021,9,19
2021-09-19 06:15:00+00:00,162.84,163.19,162.56,162.61,12741.24,2021,9,19
2021-09-19 06:20:00+00:00,162.6,162.63,161.91,162.26,14833.55,2021,9,19
2021-09-19 06:25:00+00:00,162.24,162.71,161.93,162.37,10139.73,2021,9,19
2021-09-19 06:30:00+00:00,162.38,162.63,162.09,162.62,11344.66,2021,9,19
2021-09-19 06:35:00+00:00,162.58,163.0,162.46,162.67,8044.28,2021,9,19
2021-09-19 06:40:00+00:00,162.68,163.05,162.35,162.67,7275.36,2021,9,19
2021-09-19 06:45:00+00:00,162.67,162.67,161.54,161.64,11947.66,2021,9,19
2021-09-19 06:50:00+00:00,161.64,162.13,160.95,161.59,22628.45,2021,9,19
2021-09-19 06:55:00+00:00,161.59,161.89,161.2,161.81,19216.45,2021,9,19
2021-09-19 07:00:00+00:00,161.76,162.18,161.06,161.09,23047.76,2021,9,19
2021-09-19 07:05:00+00:00,161.08,161.71,160.89,161.6,20011.17,2021,9,19
2021-09-19 07:10:00+00:00,161.61,161.7,161.28,161.55,17507.31,2021,9,19
2021-09-19 07:15:00+00:00,161.57,161.62,160.89,160.93,23003.81,2021,9,19
2021-09-19 07:20:00+00:00,160.94,161.28,160.39,161.26,38436.39,2021,9,19
2021-09-19 07:25:00+00:00,161.28,161.3,160.67,160.98,13660.22,2021,9,19
2021-09-19 07:30:00+00:00,160.98,161.5,160.96,161.35,9120.76,2021,9,19
2021-09-19 07:35:00+00:00,161.36,161.45,160.67,160.81,14136.05,2021,9,19
2021-09-19 07:40:00+00:00,160.82,161.12,160.39,160.54,13100.19,2021,9,19
2021-09-19 07:45:00+00:00,160.51,160.63,159.84,160.5,36684.8,2021,9,19
2021-09-19 07:50:00+00:00,160.47,161.0,160.17,160.98,19330.29,2021,9,19
2021-09-19 07:55:00+00:00,160.95,161.63,160.84,161.54,15282.33,2021,9,19
2021-09-19 08:00:00+00:00,161.54,161.65,160.58,160.7,13915.9,2021,9,19
2021-09-19 08:05:00+00:00,160.7,162.36,160.56,162.0,21286.17,2021,9,19
2021-09-19 08:10:00+00:00,162.01,162.35,161.78,162.18,12939.86,2021,9,19
2021-09-19 08:15:00+00:00,162.18,162.48,161.76,162.29,17296.1,2021,9,19
2021-09-19 08:20:00+00:00,162.29,162.3,161.87,162.0,12377.98,2021,9,19
2021-09-19 08:25:00+00:00,161.99,162.3,161.87,162.21,8501.47,2021,9,19
2021-09-19 08:30:00+00:00,162.18,162.74,162.13,162.46,14041.77,2021,9,19
2021-09-19 08:35:00+00:00,162.45,163.14,162.3,163.12,13420.7,2021,9,19
2021-09-19 08:40:00+00:00,163.12,163.49,162.61,163.23,21944.22,2021,9,19
2021-09-19 08:45:00+00:00,163.17,163.45,162.94,163.32,18184.13,2021,9,19
2021-09-19 08:50:00+00:00,163.35,163.4,162.58,162.91,12793.3,2021,9,19
2021-09-19 08:55:00+00:00,162.92,163.02,162.55,162.77,11292.16,2021,9,19
2021-09-19 09:00:00+00:00,162.77,163.18,162.63,162.85,11992.0,2021,9,19
2021-09-19 09:05:00+00:00,162.84,162.94,162.04,162.53,17509.34,2021,9,19
2021-09-19 09:10:00+00:00,162.52,162.66,162.07,162.07,10235.37,2021,9,19
2021-09-19 09:15:00+00:00,162.06,162.3,161.23,161.47,14281.52,2021,9,19
2021-09-19 09:20:00+00:00,161.48,161.87,161.45,161.57,8592.76,2021,9,19
2021-09-19 09:25:00+00:00,161.55,161.89,161.34,161.75,11495.75,2021,9,19
2021-09-19 09:30:00+00:00,161.72,162.2,161.39,161.5,8278.92,2021,9,19
2021-09-19 09:35:00+00:00,161.5,161.82,161.41,161.64,10053.09,2021,9,19
2021-09-19 09:40:00+00:00,161.66,162.29,161.62,162.23,8541.22,2021,9,19
2021-09-19 09:45:00+00:00,162.24,162.37,162.01,162.33,8521.68,2021,9,19
2021-09-19 09:50:00+00:00,162.34,162.74,162.1,162.23,8172.88,2021,9,19
2021-09-19 09:55:00+00:00,162.24,162.38,161.88,161.94,7215.46,2021,9,19
2021-09-19 10:00:00+00:00,161.95,162.6,161.94,162.53,8931.05,2021,9,19
2021-09-19 10:05:00+00:00,162.54,162.68,162.03,162.16,5314.86,2021,9,19
2021-09-19 10:10:00+00:00,162.15,162.31,161.69,161.69,7743.79,2021,9,19
2021-09-19 10:15:00+00:00,161.7,162.05,161.52,161.7,7514.94,2021,9,19
2021-09-19 10:20:00+00:00,161.68,161.99,161.5,161.55,7197.15,2021,9,19
2021-09-19 10:25:00+00:00,161.55,161.58,160.33,160.56,29653.97,2021,9,19
2021-09-19 10:30:00+00:00,160.54,160.58,158.59,158.88,61101.59,2021,9,19
2021-09-19 10:35:00+00:00,158.87,159.39,158.63,158.95,25864.52,2021,9,19
2021-09-19 10:40:00+00:00,158.94,159.82,158.74,159.61,15041.53,2021,9,19
2021-09-19 10:45:00+00:00,159.6,160.22,159.59,159.81,12819.96,2021,9,19
2021-09-19 10:50:00+00:00,159.81,160.02,159.6,159.74,10150.53,2021,9,19
2021-09-19 10:55:00+00:00,159.76,159.95,159.66,159.84,6856.74,2021,9,19
2021-09-19 11:00:00+00:00,159.82,160.25,159.2,159.92,18295.35,2021,9,19
2021-09-19 11:05:00+00:00,159.93,160.82,159.53,160.34,23727.41,2021,9,19
2021-09-19 11:10:00+00:00,160.34,160.8,160.03,160.04,11588.99,2021,9,19
2021-09-19 11:15:00+00:00,160.07,160.46,159.51,159.78,13472.99,2021,9,19
2021-09-19 11:20:00+00:00,159.74,160.26,158.9,159.09,26800.42,2021,9,19
2021-09-19 11:25:00+00:00,159.05,159.47,158.78,159.35,19284.75,2021,9,19
2021-09-19 11:30:00+00:00,159.35,159.54,158.54,158.62,25358.85,2021,9,19
2021-09-19 11:35:00+00:00,158.64,158.75,157.88,158.02,42620.57,2021,9,19
2021-09-19 11:40:00+00:00,158.04,158.28,156.22,156.68,70211.31,2021,9,19
2021-09-19 11:45:00+00:00,156.68,156.7,155.02,155.73,78217.52,2021,9,19
2021-09-19 11:50:00+00:00,155.74,156.42,155.13,156.01,61014.98,2021,9,19
2021-09-19 11:55:00+00:00,156.05,156.5,155.54,156.14,31411.24,2021,9,19
2021-09-19 12:00:00+00:00,156.09,157.14,155.42,156.94,42282.3,2021,9,19
2021-09-19 12:05:00+00:00,156.95,157.02,156.15,156.95,24692.98,2021,9,19
2021-09-19 12:10:00+00:00,156.93,157.88,156.72,157.85,34175.69,2021,9,19
2021-09-19 12:15:00+00:00,157.79,158.26,157.26,157.75,38510.18,2021,9,19
2021-09-19 12:20:00+00:00,157.77,158.2,157.26,158.15,13561.02,2021,9,19
2021-09-19 12:25:00+00:00,158.16,158.17,157.15,157.26,14044.93,2021,9,19
2021-09-19 12:30:00+00:00,157.26,157.27,156.35,156.5,23170.45,2021,9,19
2021-09-19 12:35:00+00:00,156.45,157.36,155.93,157.36,22101.95,2021,9,19
2021-09-19 12:40:00+00:00,157.34,157.78,156.98,157.68,11575.64,2021,9,19
2021-09-19 12:45:00+00:00,157.66,158.28,157.08,158.25,14410.72,2021,9,19
2021-09-19 12:50:00+00:00,158.26,159.48,158.05,158.97,40206.97,2021,9,19
2021-09-19 12:55:00+00:00,158.97,159.33,158.48,158.93,17524.44,2021,9,19
2021-09-19 13:00:00+00:00,158.94,159.69,158.05,159.62,19283.44,2021,9,19
2021-09-19 13:05:00+00:00,159.62,160.12,159.08,160.03,23501.52,2021,9,19
2021-09-19 13:10:00+00:00,160.01,160.23,159.43,159.48,27337.51,2021,9,19
2021-09-19 13:15:00+00:00,159.49,159.73,158.53,158.92,14743.45,2021,9,19
2021-09-19 13:20:00+00:00,158.91,159.4,158.43,158.92,7653.91,2021,9,19
2021-09-19 13:25:00+00:00,158.91,159.1,158.39,159.09,12675.5,2021,9,19
2021-09-19 13:30:00+00:00,159.09,159.49,158.6,159.04,10440.54,2021,9,19
2021-09-19 13:35:00+00:00,159.04,160.65,158.94,159.81,28807.66,2021,9,19
2021-09-19 13:40:00+00:00,159.82,160.0,159.2,160.0,6964.63,2021,9,19
2021-09-19 13:45:00+00:00,159.99,160.0,159.47,159.7,15904.06,2021,9,19
2021-09-19 13:50:00+00:00,159.7,160.2,159.56,159.84,8349.71,2021,9,19
2021-09-19 13:55:00+00:00,159.84,160.17,159.06,159.41,10537.62,2021,9,19
2021-09-19 14:00:00+00:00,159.4,159.49,158.51,159.38,15547.73,2021,9,19
2021-09-19 14:05:00+00:00,159.37,160.08,159.19,159.93,11910.79,2021,9,19
2021-09-19 14:10:00+00:00,159.94,160.41,159.52,160.3,13476.96,2021,9,19
2021-09-19 14:15:00+00:00,160.32,160.68,160.0,160.46,13225.85,2021,9,19
2021-09-19 14:20:00+00:00,160.47,160.82,160.28,160.59,12283.37,2021,9,19
2021-09-19 14:25:00+00:00,160.54,160.6,159.81,159.96,11639.96,2021,9,19
2021-09-19 14:30:00+00:00,159.96,160.41,159.75,160.0,13765.09,2021,9,19
2021-09-19 14:35:00+00:00,160.01,160.7,160.01,160.58,13072.0,2021,9,19
2021-09-19 14:40:00+00:00,160.59,161.57,160.59,161.53,25573.96,2021,9,19
2021-09-19 14:45:00+00:00,161.53,161.8,161.18,161.53,25732.46,2021,9,19
2021-09-19 14:50:00+00:00,161.56,162.09,161.37,161.47,44056.55,2021,9,19
2021-09-19 14:55:00+00:00,161.46,161.87,161.32,161.43,15419.99,2021,9,19
2021-09-19 15:00:00+00:00,161.41,161.42,160.6,161.24,13735.59,2021,9,19
2021-09-19 15:05:00+00:00,161.21,161.99,161.11,161.25,17482.18,2021,9,19
2021-09-19 15:10:00+00:00,161.25,161.47,159.4,160.13,25577.36,2021,9,19
2021-09-19 15:15:00+00:00,160.14,160.81,159.94,160.35,15531.72,2021,9,19
2021-09-19 15:20:00+00:00,160.36,160.7,160.08,160.42,10065.78,2021,9,19
2021-09-19 15:25:00+00:00,160.46,160.85,160.44,160.44,8373.06,2021,9,19
2021-09-19 15:30:00+00:00,160.45,160.65,160.22,160.27,9261.57,2021,9,19
2021-09-19 15:35:00+00:00,160.27,161.53,160.27,161.42,12720.16,2021,9,19
2021-09-19 15:40:00+00:00,161.42,161.46,160.69,160.76,10463.67,2021,9,19
2021-09-19 15:45:00+00:00,160.77,161.18,160.21,160.43,8569.77,2021,9,19
2021-09-19 15:50:00+00:00,160.44,160.68,160.07,160.09,8253.34,2021,9,19
2021-09-19 15:55:00+00:00,160.1,160.3,159.29,159.38,23347.35,2021,9,19
2021-09-19 16:00:00+00:00,159.41,160.27,159.16,159.33,15347.47,2021,9,19
2021-09-19 16:05:00+00:00,159.33,159.35,158.04,158.07,31041.5,2021,9,19
2021-09-19 16:10:00+00:00,158.07,158.87,158.05,158.53,12466.3,2021,9,19
2021-09-19 16:15:00+00:00,158.52,159.14,158.18,159.06,22269.96,2021,9,19
2021-09-19 16:20:00+00:00,159.06,159.34,158.7,158.72,12482.32,2021,9,19
2021-09-19 16:25:00+00:00,158.72,158.72,157.2,157.25,52375.08,2021,9,19
2021-09-19 16:30:00+00:00,157.21,157.79,156.55,156.94,25193.72,2021,9,19
2021-09-19 16:35:00+00:00,156.93,158.0,156.75,157.82,20647.46,2021,9,19
2021-09-19 16:40:00+00:00,157.8,157.94,156.52,156.76,22031.38,2021,9,19
2021-09-19 16:45:00+00:00,156.77,157.86,156.77,157.46,15598.79,2021,9,19
2021-09-19 16:50:00+00:00,157.46,157.85,157.31,157.38,9315.28,2021,9,19
2021-09-19 16:55:00+00:00,157.38,157.56,157.0,157.09,8537.8,2021,9,19
2021-09-19 17:00:00+00:00,157.08,158.38,157.05,158.3,14300.02,2021,9,19
2021-09-19 17:05:00+00:00,158.31,158.62,157.8,157.89,10606.55,2021,9,19
2021-09-19 17:10:00+00:00,157.89,158.18,157.2,157.69,13047.06,2021,9,19
2021-09-19 17:15:00+00:00,157.69,158.3,157.12,158.17,7910.81,2021,9,19
2021-09-19 17:20:00+00:00,158.17,158.18,157.63,157.96,6857.47,2021,9,19
2021-09-19 17:25:00+00:00,157.99,158.02,156.91,157.51,12211.85,2021,9,19
2021-09-19 17:30:00+00:00,157.54,157.56,156.23,156.94,19345.45,2021,9,19
2021-09-19 17:35:00+00:00,156.94,157.35,156.6,156.75,9599.09,2021,9,19
2021-09-19 17:40:00+00:00,156.72,157.11,156.39,156.47,12745.49,2021,9,19
2021-09-19 17:45:00+00:00,156.43,157.11,156.34,156.46,10941.46,2021,9,19
2021-09-19 17:50:00+00:00,156.44,156.72,156.11,156.51,12963.14,2021,9,19
2021-09-19 17:55:00+00:00,156.51,157.16,156.5,156.94,8910.83,2021,9,19
2021-09-19 18:00:00+00:00,156.95,156.97,156.36,156.54,10675.54,2021,9,19
2021-09-19 18:05:00+00:00,156.53,157.27,156.25,157.15,10233.43,2021,9,19
2021-09-19 18:10:00+00:00,157.16,157.26,156.88,157.2,7383.96,2021,9,19
2021-09-19 18:15:00+00:00,157.19,157.19,156.76,156.78,4652.0,2021,9,19
2021-09-19 18:20:00+00:00,156.75,157.78,156.55,157.71,7348.14,2021,9,19
2021-09-19 18:25:00+00:00,157.68,158.36,157.62,158.29,13745.32,2021,9,19
2021-09-19 18:30:00+00:00,158.25,158.91,158.07,158.86,17509.99,2021,9,19
2021-09-19 18:35:00+00:00,158.86,159.16,158.53,158.87,14770.63,2021,9,19
2021-09-19 18:40:00+00:00,158.86,158.98,158.0,158.1,6555.45,2021,9,19
2021-09-19 18:45:00+00:00,158.05,158.2,157.56,157.68,7378.93,2021,9,19
2021-09-19 18:50:00+00:00,157.69,158.1,157.61,157.91,5527.72,2021,9,19
2021-09-19 18:55:00+00:00,157.94,158.2,157.31,157.56,6326.22,2021,9,19
2021-09-19 19:00:00+00:00,157.57,158.11,157.03,157.85,9835.86,2021,9,19
2021-09-19 19:05:00+00:00,157.85,158.01,157.58,157.71,5711.9,2021,9,19
2021-09-19 19:10:00+00:00,157.7,157.9,157.34,157.41,3843.94,2021,9,19
2021-09-19 19:15:00+00:00,157.42,158.0,157.37,157.57,4335.45,2021,9,19
2021-09-19 19:20:00+00:00,157.57,157.64,157.0,157.19,9852.11,2021,9,19
2021-09-19 19:25:00+00:00,157.2,157.36,156.96,156.99,4721.97,2021,9,19
2021-09-19 19:30:00+00:00,156.99,157.14,156.24,156.82,12593.47,2021,9,19
2021-09-19 19:35:00+00:00,156.85,156.96,156.44,156.59,7570.49,2021,9,19
2021-09-19 19:40:00+00:00,156.56,156.75,155.55,155.84,19702.99,2021,9,19
2021-09-19 19:45:00+00:00,155.87,156.4,155.64,155.7,12369.12,2021,9,19
2021-09-19 19:50:00+00:00,155.72,155.87,155.25,155.31,13368.86,2021,9,19
2021-09-19 19:55:00+00:00,155.34,155.44,153.22,154.38,68701.55,2021,9,19
2021-09-19 20:00:00+00:00,154.38,154.94,153.89,154.91,14178.75,2021,9,19
2021-09-19 20:05:00+00:00,154.91,155.45,154.46,155.38,13367.55,2021,9,19
2021-09-19 20:10:00+00:00,155.34,155.37,154.66,154.92,10181.54,2021,9,19
2021-09-19 20:15:00+00:00,154.93,155.72,154.53,155.72,7867.19,2021,9,19
2021-09-19 20:20:00+00:00,155.7,156.0,155.37,155.75,13608.83,2021,9,19
2021-09-19 20:25:00+00:00,155.75,155.97,155.62,155.83,4980.3,2021,9,19
2021-09-19 20:30:00+00:00,155.85,156.34,155.77,156.09,10840.27,2021,9,19
2021-09-19 20:35:00+00:00,156.09,156.3,155.82,155.99,8853.43,2021,9,19
2021-09-19 20:40:00+00:00,156.03,156.4,155.88,156.03,6871.48,2021,9,19
2021-09-19 20:45:00+00:00,156.02,156.55,155.58,156.44,11354.56,2021,9,19
2021-09-19 20:50:00+00:00,156.47,156.55,156.27,156.48,4014.96,2021,9,19
2021-09-19 20:55:00+00:00,156.5,156.67,156.19,156.34,7391.09,2021,9,19
2021-09-19 21:00:00+00:00,156.33,156.49,156.05,156.41,5709.27,2021,9,19
2021-09-19 21:05:00+00:00,156.4,156.5,156.11,156.32,8055.19,2021,9,19
2021-09-19 21:10:00+00:00,156.3,156.58,156.15,156.22,6254.74,2021,9,19
2021-09-19 21:15:00+00:00,156.23,156.35,155.43,155.46,11989.67,2021,9,19
2021-09-19 21:20:00+00:00,155.48,155.5,155.0,155.1,6888.73,2021,9,19
2021-09-19 21:25:00+00:00,155.1,155.11,154.54,154.88,9626.83,2021,9,19
2021-09-19 21:30:00+00:00,154.86,155.4,154.82,155.01,6226.77,2021,9,19
2021-09-19 21:35:00+00:00,155.01,155.78,154.96,155.69,7518.56,2021,9,19
2021-09-19 21:40:00+00:00,155.69,156.39,155.62,156.0,6088.14,2021,9,19
2021-09-19 21:45:00+00:00,156.01,156.01,154.25,154.38,9494.44,2021,9,19
2021-09-19 21:50:00+00:00,154.41,155.03,154.15,154.27,10284.98,2021,9,19
2021-09-19 21:55:00+00:00,154.24,154.99,154.21,154.91,4146.82,2021,9,19
2021-09-19 22:00:00+00:00,154.91,155.11,154.36,154.98,7369.39,2021,9,19
2021-09-19 22:05:00+00:00,154.98,155.05,154.59,154.89,6817.88,2021,9,19
2021-09-19 22:10:00+00:00,154.88,154.96,153.87,153.9,7957.3,2021,9,19
2021-09-19 22:15:00+00:00,153.89,154.33,152.43,152.77,31972.37,2021,9,19
2021-09-19 22:20:00+00:00,152.82,152.87,150.93,151.86,48227.9,2021,9,19
2021-09-19 22:25:00+00:00,151.91,152.84,151.38,152.58,14705.14,2021,9,19
2021-09-19 22:30:00+00:00,152.61,153.25,151.6,151.83,23002.29,2021,9,19
2021-09-19 22:35:00+00:00,151.87,152.52,151.5,151.92,12282.7,2021,9,19
2021-09-19 22:40:00+00:00,151.94,152.45,151.46,152.13,12372.41,2021,9,19
2021-09-19 22:45:00+00:00,152.12,152.98,151.0,152.9,29730.09,2021,9,19
2021-09-19 22:50:00+00:00,152.85,153.37,150.6,151.25,42481.15,2021,9,19
2021-09-19 22:55:00+00:00,151.24,152.06,150.99,151.85,13117.94,2021,9,19
2021-09-19 23:00:00+00:00,151.83,152.93,151.47,152.91,12771.54,2021,9,19
2021-09-19 23:05:00+00:00,152.91,152.91,151.79,152.1,9439.12,2021,9,19
2021-09-19 23:10:00+00:00,152.1,152.43,151.65,152.37,11418.82,2021,9,19
2021-09-19 23:15:00+00:00,152.36,153.05,152.05,152.92,10372.94,2021,9,19
2021-09-19 23:20:00+00:00,152.93,153.06,152.41,152.88,9378.41,2021,9,19
2021-09-19 23:25:00+00:00,152.89,153.34,152.71,153.13,13038.79,2021,9,19
2021-09-19 23:30:00+00:00,153.08,154.15,152.91,153.87,13279.91,2021,9,19
2021-09-19 23:35:00+00:00,153.87,153.97,153.04,153.23,8922.16,2021,9,19
2021-09-19 23:40:00+00:00,153.23,153.37,152.33,152.93,13709.99,2021,9,19
2021-09-19 23:45:00+00:00,152.97,153.0,152.08,152.35,5751.32,2021,9,19
2021-09-19 23:50:00+00:00,152.35,152.83,152.34,152.74,4254.72,2021,9,19
2021-09-19 23:55:00+00:00,152.71,152.95,152.41,152.76,5945.89,2021,9,19
2021-09-20 00:00:00+00:00,152.78,153.43,152.41,152.55,16064.97,2021,9,20
2021-09-20 00:05:00+00:00,152.59,152.61,151.57,151.8,10808.68,2021,9,20
2021-09-20 00:10:00+00:00,151.8,151.8,150.0,150.59,35959.56,2021,9,20
2021-09-20 00:15:00+00:00,150.6,151.21,150.34,150.91,26124.1,2021,9,20
2021-09-20 00:20:00+00:00,150.9,150.9,148.5,149.38,69165.87,2021,9,20
2021-09-20 00:25:00+00:00,149.38,149.38,148.02,148.86,56168.03,2021,9,20
2021-09-20 00:30:00+00:00,148.86,148.96,147.72,148.53,56719.58,2021,9,20
2021-09-20 00:35:00+00:00,148.53,149.0,147.43,148.91,29940.93,2021,9,20
2021-09-20 00:40:00+00:00,148.9,149.3,148.56,149.0,29784.74,2021,9,20
2021-09-20 00:45:00+00:00,148.96,149.26,148.3,148.44,14489.44,2021,9,20
2021-09-20 00:50:00+00:00,148.45,149.05,148.06,149.03,11181.84,2021,9,20
2021-09-20 00:55:00+00:00,149.03,149.45,148.46,149.16,25186.94,2021,9,20
2021-09-20 01:00:00+00:00,149.16,149.9,148.98,149.9,13234.51,2021,9,20
2021-09-20 01:05:00+00:00,149.9,150.5,149.86,150.39,22090.68,2021,9,20
2021-09-20 01:10:00+00:00,150.4,150.42,149.79,150.02,16099.19,2021,9,20
2021-09-20 01:15:00+00:00,150.02,151.3,149.96,150.53,19414.93,2021,9,20
2021-09-20 01:20:00+00:00,150.53,151.27,150.53,151.24,12040.3,2021,9,20
2021-09-20 01:25:00+00:00,151.24,151.59,150.7,150.94,16820.88,2021,9,20
2021-09-20 01:30:00+00:00,150.95,150.96,150.36,150.61,11704.28,2021,9,20
2021-09-20 01:35:00+00:00,150.59,151.18,150.59,151.07,8769.82,2021,9,20
2021-09-20 01:40:00+00:00,151.06,152.05,150.9,152.01,23740.82,2021,9,20
2021-09-20 01:45:00+00:00,152.0,152.25,151.27,151.52,19430.66,2021,9,20
2021-09-20 01:50:00+00:00,151.51,151.94,151.44,151.58,8219.15,2021,9,20
2021-09-20 01:55:00+00:00,151.58,152.47,151.53,151.53,16044.31,2021,9,20
2021-09-20 02:00:00+00:00,151.53,151.83,151.29,151.39,10578.22,2021,9,20
2021-09-20 02:05:00+00:00,151.35,151.35,150.74,150.85,11464.85,2021,9,20
2021-09-20 02:10:00+00:00,150.85,151.27,150.64,150.8,8875.59,2021,9,20
2021-09-20 02:15:00+00:00,150.79,151.24,149.82,149.94,15540.03,2021,9,20
2021-09-20 02:20:00+00:00,149.9,150.14,149.44,149.85,15022.78,2021,9,20
2021-09-20 02:25:00+00:00,149.84,149.92,148.93,148.93,20008.41,2021,9,20
2021-09-20 02:30:00+00:00,148.94,149.26,146.14,146.25,67448.13,2021,9,20
2021-09-20 02:35:00+00:00,146.26,147.49,145.0,146.1,143108.68,2021,9,20
2021-09-20 02:40:00+00:00,146.1,146.79,145.56,146.08,33781.17,2021,9,20
2021-09-20 02:45:00+00:00,146.1,147.42,145.73,146.96,26425.33,2021,9,20
2021-09-20 02:50:00+00:00,146.96,147.4,146.29,146.62,19137.06,2021,9,20
2021-09-20 02:55:00+00:00,146.61,147.65,146.39,146.49,18978.96,2021,9,20
2021-09-20 03:00:00+00:00,146.53,147.2,142.66,144.45,110341.89,2021,9,20
2021-09-20 03:05:00+00:00,144.45,144.86,143.02,143.87,40424.83,2021,9,20
2021-09-20 03:10:00+00:00,143.86,144.91,143.66,144.82,26910.82,2021,9,20
2021-09-20 03:15:00+00:00,144.83,146.37,144.6,145.72,52568.3,2021,9,20
2021-09-20 03:20:00+00:00,145.72,146.69,145.13,145.33,29002.61,2021,9,20
2021-09-20 03:25:00+00:00,145.33,145.94,144.47,144.6,27142.47,2021,9,20
2021-09-20 03:30:00+00:00,144.6,145.73,144.54,145.49,22740.7,2021,9,20
2021-09-20 03:35:00+00:00,145.52,145.68,144.38,144.44,13591.42,2021,9,20
2021-09-20 03:40:00+00:00,144.45,145.51,144.28,145.07,20556.64,2021,9,20
2021-09-20 03:45:00+00:00,145.09,145.8,144.51,145.64,24536.77,2021,9,20
2021-09-20 03:50:00+00:00,145.6,145.82,145.02,145.56,19335.16,2021,9,20
2021-09-20 03:55:00+00:00,145.56,145.86,144.82,145.12,18116.25,2021,9,20
2021-09-20 04:00:00+00:00,145.1,145.55,143.66,144.41,30312.92,2021,9,20
2021-09-20 04:05:00+00:00,144.38,144.63,143.09,143.21,20494.76,2021,9,20
2021-09-20 04:10:00+00:00,143.21,143.36,141.65,141.95,51711.55,2021,9,20
2021-09-20 04:15:00+00:00,141.97,143.77,141.65,143.6,26158.66,2021,9,20
2021-09-20 04:20:00+00:00,143.54,144.2,143.19,144.04,11780.59,2021,9,20
2021-09-20 04:25:00+00:00,144.03,144.67,143.82,144.19,16648.47,2021,9,20
2021-09-20 04:30:00+00:00,144.17,145.44,143.87,145.33,31711.58,2021,9,20
2021-09-20 04:35:00+00:00,145.32,145.86,145.0,145.52,21310.68,2021,9,20
2021-09-20 04:40:00+00:00,145.53,145.57,144.94,145.53,12856.97,2021,9,20
2021-09-20 04:45:00+00:00,145.51,145.52,143.94,144.48,27101.27,2021,9,20
2021-09-20 04:50:00+00:00,144.48,145.29,144.45,144.95,15267.35,2021,9,20
2021-09-20 04:55:00+00:00,144.97,145.09,144.43,145.02,11748.05,2021,9,20
2021-09-20 05:00:00+00:00,145.02,146.13,144.83,146.08,13364.88,2021,9,20
2021-09-20 05:05:00+00:00,146.09,146.4,145.52,145.58,13739.93,2021,9,20
2021-09-20 05:10:00+00:00,145.59,146.08,145.39,145.82,14935.56,2021,9,20
2021-09-20 05:15:00+00:00,145.81,146.18,145.18,145.68,15652.74,2021,9,20
2021-09-20 05:20:00+00:00,145.69,145.96,145.17,145.47,19307.91,2021,9,20
2021-09-20 05:25:00+00:00,145.46,145.76,145.43,145.76,10541.04,2021,9,20
2021-09-20 05:30:00+00:00,145.76,145.79,144.21,144.52,21779.02,2021,9,20
2021-09-20 05:35:00+00:00,144.52,144.86,143.66,143.94,21427.14,2021,9,20
2021-09-20 05:40:00+00:00,143.93,144.43,143.78,143.99,15396.0,2021,9,20
2021-09-20 05:45:00+00:00,143.96,144.85,143.95,144.44,9822.79,2021,9,20
2021-09-20 05:50:00+00:00,144.46,145.11,144.43,144.72,15477.79,2021,9,20
2021-09-20 05:55:00+00:00,144.71,145.75,144.59,145.19,11795.56,2021,9,20
2021-09-20 06:00:00+00:00,145.21,146.1,145.18,145.33,13131.78,2021,9,20
2021-09-20 06:05:00+00:00,145.33,145.45,144.64,144.83,10722.13,2021,9,20
2021-09-20 06:10:00+00:00,144.82,144.82,143.87,143.91,15235.57,2021,9,20
2021-09-20 06:15:00+00:00,143.95,144.62,143.93,144.02,15715.52,2021,9,20
2021-09-20 06:20:00+00:00,144.01,144.47,143.02,144.33,15512.93,2021,9,20
2021-09-20 06:25:00+00:00,144.34,144.74,143.93,144.15,10914.45,2021,9,20
2021-09-20 06:30:00+00:00,144.15,144.64,143.47,143.51,8393.8,2021,9,20
2021-09-20 06:35:00+00:00,143.56,143.85,142.93,143.18,13454.3,2021,9,20
2021-09-20 06:40:00+00:00,143.17,143.4,141.44,142.45,60777.98,2021,9,20
2021-09-20 06:45:00+00:00,142.49,143.15,142.28,142.44,20354.33,2021,9,20
2021-09-20 06:50:00+00:00,142.45,142.98,141.91,142.69,26375.28,2021,9,20
2021-09-20 06:55:00+00:00,142.7,143.64,142.62,143.49,12966.49,2021,9,20
2021-09-20 07:00:00+00:00,143.51,144.34,143.51,143.59,16054.08,2021,9,20
2021-09-20 07:05:00+00:00,143.58,143.94,142.41,142.5,16377.77,2021,9,20
2021-09-20 07:10:00+00:00,142.51,142.84,142.0,142.3,15066.65,2021,9,20
2021-09-20 07:15:00+00:00,142.29,142.43,140.45,140.69,41226.18,2021,9,20
2021-09-20 07:20:00+00:00,140.69,141.54,139.33,141.16,91003.71,2021,9,20
2021-09-20 07:25:00+00:00,141.13,141.3,140.0,140.0,27210.66,2021,9,20
2021-09-20 07:30:00+00:00,140.0,141.18,138.0,138.0,97366.61,2021,9,20
2021-09-20 07:35:00+00:00,138.0,139.83,137.41,139.42,115150.18,2021,9,20
2021-09-20 07:40:00+00:00,139.41,139.47,137.74,138.8,94585.08,2021,9,20
2021-09-20 07:45:00+00:00,138.81,140.17,138.27,138.84,59799.73,2021,9,20
2021-09-20 07:50:00+00:00,138.87,139.26,138.0,138.26,55841.74,2021,9,20
2021-09-20 07:55:00+00:00,138.26,139.34,136.6,139.18,69628.55,2021,9,20
2021-09-20 08:00:00+00:00,139.18,140.01,138.06,139.95,38229.6,2021,9,20
2021-09-20 08:05:00+00:00,139.94,140.93,139.2,140.55,44021.51,2021,9,20
2021-09-20 08:10:00+00:00,140.54,141.18,139.8,139.8,41141.22,2021,9,20
2021-09-20 08:15:00+00:00,139.8,140.43,139.43,139.57,26844.52,2021,9,20
2021-09-20 08:20:00+00:00,139.57,140.8,139.05,140.57,26376.49,2021,9,20
2021-09-20 08:25:00+00:00,140.57,141.33,140.5,140.68,40176.92,2021,9,20
2021-09-20 08:30:00+00:00,140.68,141.49,140.38,141.38,29833.83,2021,9,20
2021-09-20 08:35:00+00:00,141.39,142.23,141.0,142.23,25576.52,2021,9,20
2021-09-20 08:40:00+00:00,142.19,142.44,141.64,142.15,26343.99,2021,9,20
2021-09-20 08:45:00+00:00,142.14,142.36,141.65,141.72,37783.55,2021,9,20
2021-09-20 08:50:00+00:00,141.73,142.34,141.57,142.07,33446.66,2021,9,20
2021-09-20 08:55:00+00:00,142.09,142.24,141.03,141.18,39089.19,2021,9,20
2021-09-20 09:00:00+00:00,141.17,141.6,140.43,141.43,21657.49,2021,9,20
2021-09-20 09:05:00+00:00,141.44,142.42,141.13,142.24,37146.93,2021,9,20
2021-09-20 09:10:00+00:00,142.24,142.48,141.74,142.14,19804.9,2021,9,20
2021-09-20 09:15:00+00:00,142.12,142.37,141.52,142.06,21565.79,2021,9,20
2021-09-20 09:20:00+00:00,142.07,142.12,141.05,141.23,23279.46,2021,9,20
2021-09-20 09:25:00+00:00,141.21,141.22,140.24,140.55,33848.46,2021,9,20
2021-09-20 09:30:00+00:00,140.57,141.21,140.3,141.0,32448.83,2021,9,20
2021-09-20 09:35:00+00:00,141.01,141.54,140.68,141.44,26685.45,2021,9,20
2021-09-20 09:40:00+00:00,141.44,141.46,140.31,140.46,10867.51,2021,9,20
2021-09-20 09:45:00+00:00,140.46,140.91,139.75,140.52,27745.07,2021,9,20
2021-09-20 09:50:00+00:00,140.52,141.0,139.87,139.92,14157.38,2021,9,20
2021-09-20 09:55:00+00:00,139.96,140.37,139.2,140.05,30020.31,2021,9,20
2021-09-20 10:00:00+00:00,140.04,140.59,139.66,139.91,16082.17,2021,9,20
2021-09-20 10:05:00+00:00,139.89,140.44,139.62,139.62,17275.22,2021,9,20
2021-09-20 10:10:00+00:00,139.61,140.73,138.26,140.37,48789.36,2021,9,20
2021-09-20 10:15:00+00:00,140.42,144.0,140.24,143.81,104977.15,2021,9,20
2021-09-20 10:20:00+00:00,143.83,143.86,142.34,142.54,35222.06,2021,9,20
2021-09-20 10:25:00+00:00,142.56,142.77,141.48,141.75,31745.4,2021,9,20
2021-09-20 10:30:00+00:00,141.8,142.44,140.63,140.94,47242.56,2021,9,20
2021-09-20 10:35:00+00:00,140.91,141.42,140.17,140.59,39706.44,2021,9,20
2021-09-20 10:40:00+00:00,140.53,141.32,140.51,140.6,27371.17,2021,9,20
2021-09-20 10:45:00+00:00,140.6,141.68,139.58,141.57,52282.5,2021,9,20
2021-09-20 10:50:00+00:00,141.55,141.56,140.35,140.53,23011.23,2021,9,20
2021-09-20 10:55:00+00:00,140.54,141.01,140.09,140.41,14154.64,2021,9,20
2021-09-20 11:00:00+00:00,140.42,140.67,138.69,139.33,28056.59,2021,9,20
2021-09-20 11:05:00+00:00,139.28,139.6,137.79,139.26,53451.47,2021,9,20
2021-09-20 11:10:00+00:00,139.3,139.77,138.0,138.35,45659.73,2021,9,20
2021-09-20 11:15:00+00:00,138.35,139.1,137.86,138.3,41942.38,2021,9,20
2021-09-20 11:20:00+00:00,138.3,138.93,137.52,137.82,26866.31,2021,9,20
2021-09-20 11:25:00+00:00,137.87,138.26,135.27,136.06,102222.02,2021,9,20
2021-09-20 11:30:00+00:00,136.06,137.7,135.57,137.54,88820.25,2021,9,20
2021-09-20 11:35:00+00:00,137.59,138.1,137.0,137.14,50390.53,2021,9,20
2021-09-20 11:40:00+00:00,137.15,137.5,134.2,135.3,93557.94,2021,9,20
2021-09-20 11:45:00+00:00,135.31,137.97,134.99,136.01,84865.54,2021,9,20
2021-09-20 11:50:00+00:00,136.03,137.11,135.27,136.77,53271.79,2021,9,20
2021-09-20 11:55:00+00:00,136.72,138.07,136.58,137.48,37102.06,2021,9,20
2021-09-20 12:00:00+00:00,137.48,139.83,137.0,138.71,64692.1,2021,9,20
2021-09-20 12:05:00+00:00,138.71,139.18,137.82,138.3,37489.38,2021,9,20
2021-09-20 12:10:00+00:00,138.3,138.44,136.63,137.1,31062.83,2021,9,20
2021-09-20 12:15:00+00:00,137.09,138.49,136.2,136.35,43608.48,2021,9,20
2021-09-20 12:20:00+00:00,136.34,136.68,135.35,135.69,47033.53,2021,9,20
2021-09-20 12:25:00+00:00,135.72,135.88,132.72,133.71,133907.18,2021,9,20
2021-09-20 12:30:00+00:00,133.67,135.25,131.0,133.23,119948.0,2021,9,20
2021-09-20 12:35:00+00:00,133.26,133.48,130.26,131.07,125311.58,2021,9,20
2021-09-20 12:40:00+00:00,131.04,134.69,130.66,134.56,98537.75,2021,9,20
2021-09-20 12:45:00+00:00,134.53,137.03,134.3,135.6,106507.21,2021,9,20
2021-09-20 12:50:00+00:00,135.58,137.87,135.03,137.35,53961.48,2021,9,20
2021-09-20 12:55:00+00:00,137.36,139.11,136.71,139.05,70164.63,2021,9,20
2021-09-20 13:00:00+00:00,139.05,139.18,136.62,137.1,70508.23,2021,9,20
2021-09-20 13:05:00+00:00,137.08,140.88,137.03,140.0,70254.59,2021,9,20
2021-09-20 13:10:00+00:00,140.0,140.5,138.05,139.45,48909.79,2021,9,20
2021-09-20 13:15:00+00:00,139.47,143.27,138.85,142.38,144311.28,2021,9,20
2021-09-20 13:20:00+00:00,142.41,142.47,141.14,141.86,62655.39,2021,9,20
2021-09-20 13:25:00+00:00,141.86,142.44,141.29,141.84,60361.91,2021,9,20
2021-09-20 13:30:00+00:00,141.8,142.7,141.14,141.93,76153.09,2021,9,20
2021-09-20 13:35:00+00:00,141.98,142.25,141.13,141.5,49560.18,2021,9,20
2021-09-20 13:40:00+00:00,141.5,143.35,141.39,143.15,37719.63,2021,9,20
2021-09-20 13:45:00+00:00,143.16,143.66,141.9,142.57,64924.27,2021,9,20
2021-09-20 13:50:00+00:00,142.57,144.6,142.21,144.34,65123.21,2021,9,20
2021-09-20 13:55:00+00:00,144.36,144.85,143.86,144.83,63645.29,2021,9,20
2021-09-20 14:00:00+00:00,144.82,148.5,144.26,145.55,206991.97,2021,9,20
2021-09-20 14:05:00+00:00,145.58,146.62,144.85,145.1,93893.68,2021,9,20
2021-09-20 14:10:00+00:00,145.09,145.71,144.28,145.0,90719.41,2021,9,20
2021-09-20 14:15:00+00:00,144.99,145.0,142.38,142.77,76980.01,2021,9,20
2021-09-20 14:20:00+00:00,142.78,143.36,142.21,143.24,49676.96,2021,9,20
2021-09-20 14:25:00+00:00,143.24,144.5,142.92,143.8,37884.18,2021,9,20
2021-09-20 14:30:00+00:00,143.74,144.43,142.91,143.42,51451.82,2021,9,20
2021-09-20 14:35:00+00:00,143.41,144.1,143.01,143.22,29119.92,2021,9,20
2021-09-20 14:40:00+00:00,143.22,143.44,141.94,142.14,35158.27,2021,9,20
2021-09-20 14:45:00+00:00,142.11,143.14,141.42,141.88,37246.7,2021,9,20
2021-09-20 14:50:00+00:00,141.87,143.77,141.62,143.49,34031.35,2021,9,20
2021-09-20 14:55:00+00:00,143.47,143.63,142.79,143.12,36300.43,2021,9,20
2021-09-20 15:00:00+00:00,143.12,143.33,141.02,142.07,45894.29,2021,9,20
2021-09-20 15:05:00+00:00,142.07,142.88,141.55,142.36,27627.57,2021,9,20
2021-09-20 15:10:00+00:00,142.36,144.95,142.32,144.9,68322.93,2021,9,20
2021-09-20 15:15:00+00:00,144.9,144.93,143.63,144.45,21258.33,2021,9,20
2021-09-20 15:20:00+00:00,144.49,144.94,143.92,144.08,19440.17,2021,9,20
2021-09-20 15:25:00+00:00,144.08,144.78,143.92,144.22,12393.75,2021,9,20
2021-09-20 15:30:00+00:00,144.17,146.21,143.9,145.25,84322.7,2021,9,20
2021-09-20 15:35:00+00:00,145.24,145.5,143.62,143.67,47636.73,2021,9,20
2021-09-20 15:40:00+00:00,143.67,144.34,143.6,143.92,16298.09,2021,9,20
2021-09-20 15:45:00+00:00,143.92,144.31,143.81,144.09,10584.73,2021,9,20
2021-09-20 15:50:00+00:00,144.02,144.02,142.49,142.83,22240.45,2021,9,20
2021-09-20 15:55:00+00:00,142.84,145.2,142.07,144.1,58480.57,2021,9,20
2021-09-20 16:00:00+00:00,144.07,144.5,142.85,143.01,30733.78,2021,9,20
2021-09-20 16:05:00+00:00,143.01,143.95,142.62,142.75,16023.32,2021,9,20
2021-09-20 16:10:00+00:00,142.77,143.48,142.21,143.42,15219.08,2021,9,20
2021-09-20 16:15:00+00:00,143.43,143.91,142.62,142.68,13483.45,2021,9,20
2021-09-20 16:20:00+00:00,142.7,143.2,142.55,142.97,11225.54,2021,9,20
2021-09-20 16:25:00+00:00,142.98,145.3,142.97,144.85,42715.84,2021,9,20
2021-09-20 16:30:00+00:00,144.87,145.8,143.85,144.5,46620.66,2021,9,20
2021-09-20 16:35:00+00:00,144.51,145.26,144.05,145.1,15396.09,2021,9,20
2021-09-20 16:40:00+00:00,145.09,146.0,144.49,144.73,57967.83,2021,9,20
2021-09-20 16:45:00+00:00,144.72,144.72,143.57,143.78,24335.84,2021,9,20
2021-09-20 16:50:00+00:00,143.77,143.91,142.76,143.26,18288.19,2021,9,20
2021-09-20 16:55:00+00:00,143.22,143.75,143.01,143.17,6148.26,2021,9,20
2021-09-20 17:00:00+00:00,143.17,144.05,143.14,143.5,9882.83,2021,9,20
2021-09-20 17:05:00+00:00,143.52,143.62,142.66,142.97,16045.02,2021,9,20
2021-09-20 17:10:00+00:00,142.94,143.13,142.55,142.6,10033.61,2021,9,20
2021-09-20 17:15:00+00:00,142.58,143.5,142.12,143.45,20449.16,2021,9,20
2021-09-20 17:20:00+00:00,143.47,143.65,142.99,143.43,11447.8,2021,9,20
2021-09-20 17:25:00+00:00,143.44,144.08,143.3,143.71,12796.68,2021,9,20
2021-09-20 17:30:00+00:00,143.67,143.71,142.87,143.07,17383.43,2021,9,20
2021-09-20 17:35:00+00:00,143.11,145.3,143.1,145.15,22365.57,2021,9,20
2021-09-20 17:40:00+00:00,145.14,145.4,144.21,144.84,23132.71,2021,9,20
2021-09-20 17:45:00+00:00,144.84,144.92,144.21,144.57,9171.81,2021,9,20
2021-09-20 17:50:00+00:00,144.57,145.09,144.39,145.03,10014.37,2021,9,20
2021-09-20 17:55:00+00:00,145.02,145.1,144.52,144.67,10165.51,2021,9,20
2021-09-20 18:00:00+00:00,144.66,144.99,143.93,143.98,10337.46,2021,9,20
2021-09-20 18:05:00+00:00,144.02,144.44,143.26,143.44,17429.87,2021,9,20
2021-09-20 18:10:00+00:00,143.44,143.57,143.01,143.24,8417.97,2021,9,20
2021-09-20 18:15:00+00:00,143.22,143.85,143.2,143.32,7876.11,2021,9,20
2021-09-20 18:20:00+00:00,143.31,143.34,141.79,142.03,30570.15,2021,9,20
2021-09-20 18:25:00+00:00,142.02,142.92,142.0,142.09,19982.91,2021,9,20
2021-09-20 18:30:00+00:00,142.06,142.21,140.22,140.83,43072.21,2021,9,20
2021-09-20 18:35:00+00:00,140.83,140.9,139.13,140.14,67338.29,2021,9,20
2021-09-20 18:40:00+00:00,140.14,140.77,139.79,140.09,25202.13,2021,9,20
2021-09-20 18:45:00+00:00,140.06,141.37,139.86,140.9,23022.91,2021,9,20
2021-09-20 18:50:00+00:00,140.89,141.3,139.45,139.7,18736.04,2021,9,20
2021-09-20 18:55:00+00:00,139.65,139.99,137.62,138.49,73338.35,2021,9,20
2021-09-20 19:00:00+00:00,138.55,139.18,137.95,138.18,27644.02,2021,9,20
2021-09-20 19:05:00+00:00,138.14,138.56,135.08,136.05,67091.59,2021,9,20
2021-09-20 19:10:00+00:00,136.05,136.88,135.0,135.0,68485.32,2021,9,20
2021-09-20 19:15:00+00:00,135.01,135.42,133.33,133.35,68682.06,2021,9,20
2021-09-20 19:20:00+00:00,133.35,135.7,133.17,135.53,50741.02,2021,9,20
2021-09-20 19:25:00+00:00,135.5,135.63,133.61,134.84,36767.35,2021,9,20
2021-09-20 19:30:00+00:00,134.82,137.39,134.6,136.86,68583.61,2021,9,20
2021-09-20 19:35:00+00:00,136.91,138.43,136.53,136.84,95416.98,2021,9,20
2021-09-20 19:40:00+00:00,136.8,138.6,136.45,137.64,42514.75,2021,9,20
2021-09-20 19:45:00+00:00,137.62,138.25,136.16,136.77,37710.23,2021,9,20
2021-09-20 19:50:00+00:00,136.77,138.6,136.48,138.51,25297.59,2021,9,20
2021-09-20 19:55:00+00:00,138.5,139.56,138.44,138.82,48192.18,2021,9,20
2021-09-20 20:00:00+00:00,138.88,139.24,138.4,139.04,25462.13,2021,9,20
2021-09-20 20:05:00+00:00,139.04,139.1,138.5,138.76,21105.02,2021,9,20
2021-09-20 20:10:00+00:00,138.73,138.79,137.38,138.28,29280.83,2021,9,20
2021-09-20 20:15:00+00:00,138.3,138.89,138.15,138.43,20484.95,2021,9,20
2021-09-20 20:20:00+00:00,138.45,138.61,137.88,137.97,10985.14,2021,9,20
2021-09-20 20:25:00+00:00,137.95,138.36,136.76,136.79,42172.91,2021,9,20
2021-09-20 20:30:00+00:00,136.79,137.95,136.72,137.8,17768.51,2021,9,20
2021-09-20 20:35:00+00:00,137.79,139.16,137.73,138.01,22431.92,2021,9,20
2021-09-20 20:40:00+00:00,138.05,138.1,135.67,136.45,31192.21,2021,9,20
2021-09-20 20:45:00+00:00,136.44,136.97,135.26,135.96,24834.25,2021,9,20
2021-09-20 20:50:00+00:00,135.96,137.35,135.65,137.19,28786.65,2021,9,20
2021-09-20 20:55:00+00:00,137.19,138.37,136.61,137.9,17175.47,2021,9,20
2021-09-20 21:00:00+00:00,137.92,139.21,137.07,138.56,24390.37,2021,9,20
2021-09-20 21:05:00+00:00,138.59,138.91,137.73,138.48,12026.85,2021,9,20
2021-09-20 21:10:00+00:00,138.49,138.99,138.33,138.33,12292.53,2021,9,20
2021-09-20 21:15:00+00:00,138.36,139.1,137.72,138.96,9453.22,2021,9,20
2021-09-20 21:20:00+00:00,138.99,139.38,138.77,138.89,9480.56,2021,9,20
2021-09-20 21:25:00+00:00,138.9,139.44,138.87,139.22,6719.6,2021,9,20
2021-09-20 21:30:00+00:00,139.22,139.77,138.82,139.77,13574.69,2021,9,20
2021-09-20 21:35:00+00:00,139.76,140.15,139.56,140.07,12613.86,2021,9,20
2021-09-20 21:40:00+00:00,140.05,140.07,139.59,139.77,4935.47,2021,9,20
2021-09-20 21:45:00+00:00,139.77,140.38,139.03,139.23,12624.26,2021,9,20
2021-09-20 21:50:00+00:00,139.22,139.92,138.6,138.98,8708.17,2021,9,20
2021-09-20 21:55:00+00:00,138.97,139.26,138.0,138.3,13432.54,2021,9,20
2021-09-20 22:00:00+00:00,138.26,139.59,138.14,139.22,9649.89,2021,9,20
2021-09-20 22:05:00+00:00,139.23,139.59,138.88,139.58,5440.31,2021,9,20
2021-09-20 22:10:00+00:00,139.58,140.9,139.58,140.47,22516.02,2021,9,20
2021-09-20 22:15:00+00:00,140.46,141.78,140.35,141.78,37111.98,2021,9,20
2021-09-20 22:20:00+00:00,141.72,142.39,141.05,141.09,32886.85,2021,9,20
2021-09-20 22:25:00+00:00,141.09,141.44,140.61,140.82,12908.15,2021,9,20
2021-09-20 22:30:00+00:00,140.82,141.52,140.77,141.02,8851.78,2021,9,20
2021-09-20 22:35:00+00:00,141.03,141.66,140.4,140.46,17228.53,2021,9,20
2021-09-20 22:40:00+00:00,140.46,140.79,139.79,139.95,14839.62,2021,9,20
2021-09-20 22:45:00+00:00,139.95,140.23,138.5,138.64,23567.21,2021,9,20
2021-09-20 22:50:00+00:00,138.71,139.17,136.52,137.1,42490.52,2021,9,20
2021-09-20 22:55:00+00:00,137.09,137.93,136.81,137.18,24942.64,2021,9,20
2021-09-20 23:00:00+00:00,137.24,139.37,137.08,138.49,25413.0,2021,9,20
2021-09-20 23:05:00+00:00,138.49,138.53,136.79,136.85,21072.61,2021,9,20
2021-09-20 23:10:00+00:00,136.8,137.17,135.56,136.47,28890.03,2021,9,20
2021-09-20 23:15:00+00:00,136.5,137.22,135.34,135.8,24885.44,2021,9,20
2021-09-20 23:20:00+00:00,135.86,136.0,134.04,134.37,52126.46,2021,9,20
2021-09-20 23:25:00+00:00,134.4,134.86,133.34,133.52,50890.3,2021,9,20
2021-09-20 23:30:00+00:00,133.55,134.21,132.1,133.15,41900.87,2021,9,20
2021-09-20 23:35:00+00:00,133.15,134.46,132.62,132.84,41157.65,2021,9,20
2021-09-20 23:40:00+00:00,132.84,133.63,131.48,131.62,40154.9,2021,9,20
2021-09-20 23:45:00+00:00,131.61,133.83,131.42,133.52,38159.29,2021,9,20
2021-09-20 23:50:00+00:00,133.53,134.08,133.26,133.51,30577.52,2021,9,20
2021-09-20 23:55:00+00:00,133.51,133.56,131.48,132.77,39763.45,2021,9,20
